"","species","inlever","quad","inlever_error","quad_error","diet","color"
"Gyalopion_quadrangulare","Gyalopion_quadrangulare",-0.0346308358540632,-0.0387373484939969,0.00408275780841972,0.00746164064336146,"bugs","goldenrod2"
"Gyalopion_canum","Gyalopion_canum",-0.0600877907701831,0.110117083506744,0.00136091926947324,0.00248721354778715,"bugs","goldenrod2"
"Ficimia_streckeri","Ficimia_streckeri",-0.0874341705000177,0.299055615213325,0.00136091926947324,0.00248721354778715,"bugs","goldenrod2"
"Sympholis_lippiens","Sympholis_lippiens",0.122183566657292,-0.119025354644222,0.00408275780841972,0.00746164064336146,"bugs","goldenrod2"
"Pseudoficimia_frontalis","Pseudoficimia_frontalis",-0.101740879350571,-0.136292408888611,0.00408275780841972,0.00746164064336146,"bugs","goldenrod2"
"Conopsis_biserialis","Conopsis_biserialis",-0.0917934107175682,-0.0390075320660005,0.00204137890420986,0.00373082032168073,"bugs","goldenrod2"
"Conopsis_nasus","Conopsis_nasus",-0.131730049390158,-0.160402728873482,0.00204137890420986,0.00373082032168073,"bugs","goldenrod2"
"Sonora_semiannulata","Sonora_semiannulata",-0.124478094065583,-0.191607877443178,0.00102068945210493,0.00186541016084037,"bugs","goldenrod2"
"Sonora_aemula","Sonora_aemula",-0.117131261362836,-0.199752343136038,0.00408275780841972,0.00746164064336146,"bugs","goldenrod2"
"Sonora_occipitalis","Sonora_occipitalis",-0.171514513574934,0.0386136014498,0.00204137890420986,0.00373082032168073,"bugs","goldenrod2"
"Sonora_straminea","Sonora_straminea",-0.00252647629137159,0.271239635050861,0.00204137890420986,0.00373082032168073,"bugs","goldenrod2"
"Stenorrhina_freminvillei","Stenorrhina_freminvillei",-0.345130445365476,-0.118103675814553,0.00408275780841972,0.00746164064336146,"bugs","goldenrod2"
"Tantilla_gracilis","Tantilla_gracilis",0.0477910099445404,-0.262808098929034,0.00408275780841972,0.00746164064336146,"bugs","goldenrod2"
"Tantilla_hobartsmithi","Tantilla_hobartsmithi",-0.054540097475092,-0.222354990583149,0.00408275780841972,0.00746164064336146,"bugs","goldenrod2"
"Tantilla_nigriceps","Tantilla_nigriceps",-0.211691971649585,-0.312058279261843,0.00204137890420986,0.00373082032168073,"bugs","goldenrod2"
"Tantilla_relicta","Tantilla_relicta",-0.160963084571924,-0.314286060850512,0.00408275780841972,0.00746164064336146,"bugs","goldenrod2"
"Tantilla_coronata","Tantilla_coronata",-0.135412918320639,-0.287412876499059,0.000816551561683943,0.00149232812867229,"bugs","goldenrod2"
"Tantilla_vermiformis","Tantilla_vermiformis",-0.0467205274405338,-0.340865226026069,0.00408275780841972,0.00746164064336146,"bugs","goldenrod2"
"Tantilla_melanocephala","Tantilla_melanocephala",-0.084801314880951,-0.297752429245675,0.00204137890420986,0.00373082032168073,"bugs","goldenrod2"
"Scolecophis_atrocinctus","Scolecophis_atrocinctus",0.0661627376549222,-0.40053039849999,0.00408275780841972,0.00746164064336146,"bugs","goldenrod2"
"Masticophis_taeniatus","Masticophis_taeniatus",-0.078210602054561,-0.235697545475529,0.00204137890420986,0.00373082032168073,"lizards","forestgreen"
"Masticophis_mentovarius","Masticophis_mentovarius",0.155894458667466,-0.0425845101447524,0.00408275780841972,0.00746164064336146,"other verts","gray50"
"Masticophis_lateralis","Masticophis_lateralis",0.0123847611690344,-0.0175931662141338,0.00408275780841972,0.00746164064336146,"lizards","forestgreen"
"Masticophis_flagellum","Masticophis_flagellum",0.0582345514998956,-0.032623904279006,0.00408275780841972,0.00746164064336146,"other verts","gray50"
"Coluber_constrictor","Coluber_constrictor",0.00643147041665304,-0.199096168645773,0.00102068945210493,0.00186541016084037,"other verts","gray50"
"Salvadora_grahamiae","Salvadora_grahamiae",0.0142255310856119,-0.179570946972659,0.00408275780841972,0.00746164064336146,"lizards","forestgreen"
"Salvadora_hexalepis","Salvadora_hexalepis",-0.0201401083305075,-0.224191280030726,0.00204137890420986,0.00373082032168073,"lizards","forestgreen"
"Salvadora_mexicana","Salvadora_mexicana",-0.0392991759812351,-0.276305835333928,0.00408275780841972,0.00746164064336146,"lizards","forestgreen"
"Trimorphodon_tau","Trimorphodon_tau",0.154523663809061,0.137038128892691,0.00408275780841972,0.00746164064336146,"lizards","forestgreen"
"Trimorphodon_biscutatus","Trimorphodon_biscutatus",-0.0180588597258451,-0.065263931763007,0.00408275780841972,0.00746164064336146,"other verts","gray50"
"Drymoluber_dichrous","Drymoluber_dichrous",0.00336303832520257,-0.166117624561719,0.00102068945210493,0.00186541016084037,"lizards","forestgreen"
"Simophis_rhinostoma","Simophis_rhinostoma",-0.0718814041735851,-0.205644361182338,0.00408275780841972,0.00746164064336146,"other verts","gray50"
"Mastigodryas_melanolomus","Mastigodryas_melanolomus",-0.0484799091538752,-0.245094100783315,0.00408275780841972,0.00746164064336146,"lizards","forestgreen"
"Rhinobothryum_bovallii","Rhinobothryum_bovallii",-0.106580601423688,-0.278744596861462,0.00204137890420986,0.00373082032168073,"lizards","forestgreen"
"Drymarchon_corais","Drymarchon_corais",0.132252073473985,-0.0493525820319896,0.00136091926947324,0.00248721354778715,"other verts","gray50"
"Drymarchon_melanurus","Drymarchon_melanurus",0.203631467223419,0.0163123475063336,0.00204137890420986,0.00373082032168073,"other verts","gray50"
"Phrynonax_shropshirei","Phrynonax_shropshirei",-0.0493821882714287,0.0431987977054629,0.00408275780841972,0.00746164064336146,"other verts","gray50"
"Phrynonax_poecilonotus","Phrynonax_poecilonotus",-0.127418999081935,-0.0341002980084677,0.00408275780841972,0.00746164064336146,"other verts","gray50"
"Spilotes_pullatus","Spilotes_pullatus",0.0916300149777829,-0.155267110114711,0.00136091926947324,0.00248721354778715,"other verts","gray50"
"Chironius_carinatus","Chironius_carinatus",-0.100894953652665,-0.196686522669082,0.00204137890420986,0.00373082032168073,"other verts","gray50"
"Chironius_grandisquamis","Chironius_grandisquamis",0.00569065828756932,-0.266535995156663,0.00408275780841972,0.00746164064336146,"other verts","gray50"
"Leptophis_ahaetulla","Leptophis_ahaetulla",-0.28928979797743,-0.173305374694746,0.00204137890420986,0.00373082032168073,"other verts","gray50"
"Leptophis_diplotropis","Leptophis_diplotropis",-0.163340876457721,-0.0608368424030017,0.00408275780841972,0.00746164064336146,"other verts","gray50"
"Leptophis_mexicanus","Leptophis_mexicanus",-0.103162462514741,-0.204019833665866,0.00204137890420986,0.00373082032168073,"other verts","gray50"
"Leptophis_depressirostris","Leptophis_depressirostris",-0.0834692183594317,0.0301674403449768,0.00408275780841972,0.00746164064336146,"other verts","gray50"
"Oxybelis_fulgidus","Oxybelis_fulgidus",-0.113767580936198,-0.204511772925164,0.00408275780841972,0.00746164064336146,"other verts","gray50"
"Oxybelis_aeneus","Oxybelis_aeneus",-0.183565289656254,-0.572676894202252,0.00204137890420986,0.00373082032168073,"lizards","forestgreen"
"Oxybelis_brevirostris","Oxybelis_brevirostris",-0.00043665073475152,-0.370802790352772,0.00408275780841972,0.00746164064336146,"other verts","gray50"
"Drymobius_chloroticus","Drymobius_chloroticus",-0.143556227843203,-0.365410665707317,0.00408275780841972,0.00746164064336146,"other verts","gray50"
"Drymobius_rhombifer","Drymobius_rhombifer",-0.230596427773193,-0.269570323804797,0.00204137890420986,0.00373082032168073,"other verts","gray50"
"Dendrophidion_dendrophis","Dendrophidion_dendrophis",-0.211424621248047,-0.211505357784677,0.00408275780841972,0.00746164064336146,"other verts","gray50"
"Drymobius_margaritiferus","Drymobius_margaritiferus",-0.14938984303094,-0.218096240363952,0.00204137890420986,0.00373082032168073,"other verts","gray50"
"Dendrophidion_nuchale","Dendrophidion_nuchale",-0.338389440335794,-0.390429490641247,0.00408275780841972,0.00746164064336146,"other verts","gray50"
"Opheodrys_vernalis","Opheodrys_vernalis",-0.180333391990209,-0.196000080539535,0.00408275780841972,0.00746164064336146,"bugs","goldenrod2"
"Opheodrys_aestivus","Opheodrys_aestivus",-0.2186795041411,-0.378644558390974,0.00204137890420986,0.00373082032168073,"bugs","goldenrod2"
"Symphimus_leucostomus","Symphimus_leucostomus",-0.134552232175277,-0.196260308409655,0.00204137890420986,0.00373082032168073,"bugs","goldenrod2"
"Ptyas_major","Ptyas_major",0.14487725471941,-0.18536809144242,0.00408275780841972,0.00746164064336146,"worms","lightpink2"
"Ptyas_mucosa","Ptyas_mucosa",-0.0150960030528906,-0.281931025982981,0.00204137890420986,0.00373082032168073,"other verts","gray50"
"Liopeltis_tricolor","Liopeltis_tricolor",-0.155111129387159,-0.306949427157928,0.00408275780841972,0.00746164064336146,"bugs","goldenrod2"
"Lampropeltis_annulata","Lampropeltis_annulata",0.026855265016507,-0.113018783112641,0.00408275780841972,0.00746164064336146,"other verts","gray50"
"Lampropeltis_triangulum","Lampropeltis_triangulum",0.0193601262380452,-0.126548189338471,0.00408275780841972,0.00746164064336146,"other verts","gray50"
"Lampropeltis_pyromelana","Lampropeltis_pyromelana",-0.0395900457060534,-0.16630752793462,0.00204137890420986,0.00373082032168073,"lizards","forestgreen"
"Lampropeltis_knoblochi","Lampropeltis_knoblochi",0.0166696674079356,-0.164600688791201,0.00408275780841972,0.00746164064336146,"lizards","forestgreen"
"Lampropeltis_zonata","Lampropeltis_zonata",-0.00178121100340811,-0.249346123862759,0.00408275780841972,0.00746164064336146,"lizards","forestgreen"
"Lampropeltis_elapsoides","Lampropeltis_elapsoides",0.0364378944177037,-0.393945807475403,0.00204137890420986,0.00373082032168073,"lizards","forestgreen"
"Lampropeltis_californiae","Lampropeltis_californiae",0.0586762384576562,-0.125431194584669,0.00204137890420986,0.00373082032168073,"other verts","gray50"
"Lampropeltis_splendida","Lampropeltis_splendida",-0.0168186091017934,-0.220842676352534,0.00408275780841972,0.00746164064336146,"other verts","gray50"
"Lampropeltis_getula","Lampropeltis_getula",0.09406484705922,-0.122840257793723,0.00408275780841972,0.00746164064336146,"snakes","mediumpurple2"
"Cemophora_coccinea","Cemophora_coccinea",-0.0137484371223728,-0.0655151464899957,0.00204137890420986,0.00373082032168073,"other verts","gray50"
"Rhinocheilus_lecontei","Rhinocheilus_lecontei",-0.106418913789681,-0.199497302181894,0.00204137890420986,0.00373082032168073,"other verts","gray50"
"Arizona_elegans","Arizona_elegans",-0.167962273891077,-0.159993260695913,0.00136091926947324,0.00248721354778715,"other verts","gray50"
"Pantherophis_emoryi","Pantherophis_emoryi",-0.110953374956063,-0.300793165118131,0.00408275780841972,0.00746164064336146,"other verts","gray50"
"Pantherophis_vulpinus","Pantherophis_vulpinus",0.0709302314033478,-0.198893213781409,0.00408275780841972,0.00746164064336146,"other verts","gray50"
"Pantherophis_obsoletus","Pantherophis_obsoletus",-0.00786873658475118,-0.217193256924352,0.00408275780841972,0.00746164064336146,"other verts","gray50"
"Pituophis_melanoleucus","Pituophis_melanoleucus",-0.0450451536312197,-0.226411733186065,0.00204137890420986,0.00373082032168073,"other verts","gray50"
"Pituophis_vertebralis","Pituophis_vertebralis",-0.00843960609359984,-0.189190105781076,0.00408275780841972,0.00746164064336146,"other verts","gray50"
"Bogertophis_subocularis","Bogertophis_subocularis",-0.0671561716301579,-0.232231647846813,0.00204137890420986,0.00373082032168073,"other verts","gray50"
"Pseudelaphe_flavirufa","Pseudelaphe_flavirufa",-0.102523576028653,-0.325236358108417,0.00408275780841972,0.00746164064336146,"other verts","gray50"
"Senticolis_triaspis","Senticolis_triaspis",0.0351976769306157,-0.364145628885767,0.00136091926947324,0.00248721354778715,"other verts","gray50"
"Zamenis_situla","Zamenis_situla",-0.116498881380861,-0.438233983865944,0.00204137890420986,0.00373082032168073,"other verts","gray50"
"Coronella_girondica","Coronella_girondica",-0.0350232098951075,-0.166252697213919,0.00408275780841972,0.00746164064336146,"lizards","forestgreen"
"Coronella_austriaca","Coronella_austriaca",0.0815332664901161,-0.115496383739609,0.00136091926947324,0.00248721354778715,"lizards","forestgreen"
"Oocatochus_rufodorsatus","Oocatochus_rufodorsatus",0.0405587644289191,0.0621314961076893,0.00136091926947324,0.00248721354778715,"other verts","gray50"
"Elaphe_quadrivirgata","Elaphe_quadrivirgata",0.0690880631845014,-0.185743853571143,0.00408275780841972,0.00746164064336146,"other verts","gray50"
"Elaphe_carinata","Elaphe_carinata",0.0851648420118281,-0.243041899432777,0.00204137890420986,0.00373082032168073,"lizards","forestgreen"
"Elaphe_taeniura","Elaphe_taeniura",-0.0887680146806584,-0.277763895060087,0.00136091926947324,0.00248721354778715,"other verts","gray50"
"Phyllorhynchus_decurtatus","Phyllorhynchus_decurtatus",-0.239786045182793,0.116177414250202,0.00408275780841972,0.00746164064336146,"other verts","gray50"
"Oreocryptophis_porphyraceus","Oreocryptophis_porphyraceus",-0.0525825972371643,-0.37137026623817,0.00408275780841972,0.00746164064336146,"other verts","gray50"
"Euprepiophis_mandarinus","Euprepiophis_mandarinus",-0.0567139987921275,-0.215616854320144,0.00204137890420986,0.00373082032168073,"other verts","gray50"
"Oligodon_taeniatus","Oligodon_taeniatus",0.0404006352945834,0.00494595731089842,0.00408275780841972,0.00746164064336146,"other verts","gray50"
"Oligodon_cyclurus","Oligodon_cyclurus",-0.00152881987760756,-0.0264210778818605,0.00408275780841972,0.00746164064336146,"other verts","gray50"
"Oligodon_octolineatus","Oligodon_octolineatus",-0.0870056243187196,-0.202606071017512,0.00408275780841972,0.00746164064336146,"other verts","gray50"
"Oligodon_cruentatus","Oligodon_cruentatus",-0.0503605579029427,-0.0451083414460495,0.00408275780841972,0.00746164064336146,"other verts","gray50"
"Oligodon_torquatus","Oligodon_torquatus",-0.126675534287558,-0.00407595705794084,0.00204137890420986,0.00373082032168073,"other verts","gray50"
"Oligodon_planiceps","Oligodon_planiceps",-0.040748964835816,-0.287286591069499,0.00408275780841972,0.00746164064336146,"other verts","gray50"
"Oligodon_splendidus","Oligodon_splendidus",-0.023386485697878,0.255820435968433,0.00408275780841972,0.00746164064336146,"other verts","gray50"
"Oligodon_sublineatus","Oligodon_sublineatus",-0.0834365361553264,0.0512162891283353,0.00204137890420986,0.00373082032168073,"other verts","gray50"
"Oligodon_calamarius","Oligodon_calamarius",-0.0966349107334911,-0.151279863237447,0.00408275780841972,0.00746164064336146,"other verts","gray50"
"Oligodon_arnensis","Oligodon_arnensis",0.0034068587604168,-0.0154836117379382,0.00408275780841972,0.00746164064336146,"other verts","gray50"
"Coelognathus_flavolineatus","Coelognathus_flavolineatus",-0.0173431557603192,-0.470740043609057,0.00408275780841972,0.00746164064336146,"other verts","gray50"
"Coelognathus_radiatus","Coelognathus_radiatus",-0.0791841533780628,-0.433416304403111,0.00408275780841972,0.00746164064336146,"other verts","gray50"
"Dipsadoboa_unicolor","Dipsadoboa_unicolor",-0.0457270730764843,0.0166792933528561,0.00204137890420986,0.00373082032168073,"other verts","gray50"
"Crotaphopeltis_hotamboeia","Crotaphopeltis_hotamboeia",0.146603817850635,0.10401926244039,0.00408275780841972,0.00746164064336146,"other verts","gray50"
"Telescopus_fallax","Telescopus_fallax",0.248874355645525,-0.00320969551549766,0.00408275780841972,0.00746164064336146,"lizards","forestgreen"
"Boiga_irregularis","Boiga_irregularis",0.107932765780514,0.143494990569787,0.00204137890420986,0.00373082032168073,"other verts","gray50"
"Dasypeltis_gansi","Dasypeltis_gansi",-0.32373885277449,0.673128810896822,0.00408275780841972,0.00746164064336146,"other verts","gray50"
"Dasypeltis_scabra","Dasypeltis_scabra",-0.430639079590897,0.370840282689379,0.00102068945210493,0.00186541016084037,"other verts","gray50"
"Toxicodryas_pulverulenta","Toxicodryas_pulverulenta",-0.188169449979912,0.0363792798018991,0.00408275780841972,0.00746164064336146,"other verts","gray50"
"Toxicodryas_blandingii","Toxicodryas_blandingii",0.112334493247475,0.254240859492975,0.00408275780841972,0.00746164064336146,"other verts","gray50"
"Lycodon_ruhstrati","Lycodon_ruhstrati",0.166783108430913,-0.396397602541006,0.00408275780841972,0.00746164064336146,"lizards","forestgreen"
"Lycodon_subcinctus","Lycodon_subcinctus",0.20570234725414,-0.316087633815617,0.00408275780841972,0.00746164064336146,"lizards","forestgreen"
"Lycodon_aulicus","Lycodon_aulicus",0.328964128694997,-0.400313851637737,0.00408275780841972,0.00746164064336146,"lizards","forestgreen"
"Lycodon_laoensis","Lycodon_laoensis",0.351251173580948,-0.18582691445442,0.00408275780841972,0.00746164064336146,"lizards","forestgreen"
"Eirenis_modestus","Eirenis_modestus",-0.0923338284924227,-0.235855721784897,0.00204137890420986,0.00373082032168073,"bugs","goldenrod2"
"Hierophis_gemonensis","Hierophis_gemonensis",0.00609446207178732,-0.248433082451014,0.00408275780841972,0.00746164064336146,"lizards","forestgreen"
"Hierophis_viridiflavus","Hierophis_viridiflavus",0.0382186798794957,-0.206251163042771,0.00408275780841972,0.00746164064336146,"lizards","forestgreen"
"Dolichophis_caspius","Dolichophis_caspius",-0.00416880948327858,-0.187825681223066,0.00408275780841972,0.00746164064336146,"lizards","forestgreen"
"Platyceps_najadum","Platyceps_najadum",-0.0710324350162264,-0.467496269112847,0.00408275780841972,0.00746164064336146,"lizards","forestgreen"
"Hemorrhois_ravergieri","Hemorrhois_ravergieri",0.021991175679184,-0.135389718536258,0.00408275780841972,0.00746164064336146,"other verts","gray50"
"Rhynchocalamus_satunini","Rhynchocalamus_satunini",-0.0604215957461088,-0.3840839058313,0.00408275780841972,0.00746164064336146,"bugs","goldenrod2"
"Lytorhynchus_maynardi","Lytorhynchus_maynardi",-0.132133870972621,-0.177614679114189,0.00408275780841972,0.00746164064336146,"lizards","forestgreen"
"Lytorhynchus_diadema","Lytorhynchus_diadema",-0.044629694347631,-0.162879656888729,0.00204137890420986,0.00373082032168073,"lizards","forestgreen"
"Macroprotodon_cucullatus","Macroprotodon_cucullatus",0.0313816597134786,-0.248835397505071,0.00408275780841972,0.00746164064336146,"lizards","forestgreen"
"Bamanophis_dorri","Bamanophis_dorri",0.140329836480115,-0.215873344560733,0.00408275780841972,0.00746164064336146,"lizards","forestgreen"
"Scaphiophis_albopunctatus","Scaphiophis_albopunctatus",-0.150365041869851,-0.0075204012887149,0.00408275780841972,0.00746164064336146,"other verts","gray50"
"Philothamnus_semivariegatus","Philothamnus_semivariegatus",-0.158731559314263,-0.515569850883247,0.00204137890420986,0.00373082032168073,"lizards","forestgreen"
"Hapsidophrys_lineata","Hapsidophrys_lineata",-0.308981847966653,-0.139870343950967,0.00408275780841972,0.00746164064336146,"lizards","forestgreen"
"Thelotornis_capensis","Thelotornis_capensis",-0.134917234558445,-0.00488580069479649,0.00204137890420986,0.00373082032168073,"lizards","forestgreen"
"Thelotornis_kirtlandii","Thelotornis_kirtlandii",-0.0162676322323048,-0.121836893425494,0.00408275780841972,0.00746164064336146,"lizards","forestgreen"
"Dispholidus_typus","Dispholidus_typus",-0.273746119073473,-0.0688523149933391,0.00408275780841972,0.00746164064336146,"lizards","forestgreen"
"Rhamnophis_aethiopissa","Rhamnophis_aethiopissa",-0.440569927282981,-0.221434269592045,0.00408275780841972,0.00746164064336146,"other verts","gray50"
"Thrasops_jacksonii","Thrasops_jacksonii",-0.179813220282516,-0.150810624737021,0.00408275780841972,0.00746164064336146,"other verts","gray50"
"Thrasops_flavigularis","Thrasops_flavigularis",-0.0907597974340524,-0.0892730664117654,0.00408275780841972,0.00746164064336146,"other verts","gray50"
"Gonyosoma_oxycephalum","Gonyosoma_oxycephalum",0.0656614148528045,-0.218997155958891,0.00408275780841972,0.00746164064336146,"other verts","gray50"
"Dendrelaphis_tristis","Dendrelaphis_tristis",0.00730344389811499,-0.258967403830847,0.00204137890420986,0.00373082032168073,"lizards","forestgreen"
"Dendrelaphis_caudolineatus","Dendrelaphis_caudolineatus",0.111653733618881,-0.249277216672039,0.00408275780841972,0.00746164064336146,"lizards","forestgreen"
"Chrysopelea_paradisi","Chrysopelea_paradisi",-0.0371747325592404,-0.392608425613683,0.00136091926947324,0.00248721354778715,"lizards","forestgreen"
"Chrysopelea_ornata","Chrysopelea_ornata",-0.0729244702408729,-0.321793280050872,0.00408275780841972,0.00746164064336146,"lizards","forestgreen"
"Ahaetulla_pulverulenta","Ahaetulla_pulverulenta",-0.176603544601772,-0.487356689885204,0.00408275780841972,0.00746164064336146,"lizards","forestgreen"
"Ahaetulla_nasuta","Ahaetulla_nasuta",-0.105298599504331,-0.252625371576186,0.00204137890420986,0.00373082032168073,"other verts","gray50"
"Ahaetulla_fronticincta","Ahaetulla_fronticincta",-0.0178264554000545,-0.17182016581028,0.00408275780841972,0.00746164064336146,"fish","turquoise2"
"Ahaetulla_prasina","Ahaetulla_prasina",0.036515016315225,-0.404366291097049,0.00408275780841972,0.00746164064336146,"lizards","forestgreen"
"Ahaetulla_mycterizans","Ahaetulla_mycterizans",0.000468317926742401,-0.312096958861868,0.00408275780841972,0.00746164064336146,"other verts","gray50"
"Calamaria_pavimentata","Calamaria_pavimentata",0.124413723416453,-0.331398612321396,0.00408275780841972,0.00746164064336146,"worms","lightpink2"
"Pseudorabdion_longiceps","Pseudorabdion_longiceps",0.0850410656724332,-0.323405549737467,0.00408275780841972,0.00746164064336146,"worms","lightpink2"
"Grayia_smithii","Grayia_smithii",-0.272689952126886,0.164045495469097,0.00408275780841972,0.00746164064336146,"other verts","gray50"
"Grayia_tholloni","Grayia_tholloni",-0.200773535733761,0.40741185773162,0.00408275780841972,0.00746164064336146,"other verts","gray50"
"Sibynophis_collaris","Sibynophis_collaris",-0.231195493815143,0.263845441054454,0.00408275780841972,0.00746164064336146,"lizards","forestgreen"
"Sibynophis_chinensis","Sibynophis_chinensis",-0.496462256285002,0.346301154229177,0.00408275780841972,0.00746164064336146,"lizards","forestgreen"
"Scaphiodontophis_annulatus","Scaphiodontophis_annulatus",-0.316633977860446,0.160679820678935,0.00102068945210493,0.00186541016084037,"lizards","forestgreen"
"Thamnophis_godmani","Thamnophis_godmani",-0.0109223723608058,-0.00014465001226549,0.00408275780841972,0.00746164064336146,"other verts","gray50"
"Thamnophis_sumichrasti","Thamnophis_sumichrasti",-0.27730643642944,-0.134262671688486,0.00408275780841972,0.00746164064336146,"other verts","gray50"
"Thamnophis_scalaris","Thamnophis_scalaris",-0.106591071328675,-0.100127272366076,0.00408275780841972,0.00746164064336146,"other verts","gray50"
"Thamnophis_exsul","Thamnophis_exsul",-0.121185892729052,-0.265837520496296,0.00408275780841972,0.00746164064336146,"other verts","gray50"
"Thamnophis_scaliger","Thamnophis_scaliger",-0.0642436563336268,-0.160893314180144,0.00408275780841972,0.00746164064336146,"worms","lightpink2"
"Thamnophis_melanogaster","Thamnophis_melanogaster",-0.14756794495535,0.0429137537700712,0.00204137890420986,0.00373082032168073,"other verts","gray50"
"Thamnophis_foxi","Thamnophis_foxi",0.169393628322952,-0.2145461245951,0.00408275780841972,0.00746164064336146,"worms","lightpink2"
"Thamnophis_rufipunctatus","Thamnophis_rufipunctatus",-0.140754501924732,0.0527026891058937,0.00204137890420986,0.00373082032168073,"fish","turquoise2"
"Thamnophis_nigronuchalis","Thamnophis_nigronuchalis",-0.0895905296358512,-0.0903933083930983,0.00408275780841972,0.00746164064336146,"other verts","gray50"
"Thamnophis_elegans","Thamnophis_elegans",0.0142251406939029,0.0760713910870541,0.00204137890420986,0.00373082032168073,"other verts","gray50"
"Thamnophis_atratus","Thamnophis_atratus",-0.226110343323087,-0.0296216946921579,0.00408275780841972,0.00746164064336146,"other verts","gray50"
"Thamnophis_couchii","Thamnophis_couchii",-0.254457712954367,-0.128603080361907,0.00408275780841972,0.00746164064336146,"other verts","gray50"
"Thamnophis_ordinoides","Thamnophis_ordinoides",-0.150409326863368,-0.27866245816248,0.00408275780841972,0.00746164064336146,"mollusks","saddlebrown"
"Thamnophis_butleri","Thamnophis_butleri",-0.14606890498779,-0.0682425845884174,0.00408275780841972,0.00746164064336146,"worms","lightpink2"
"Thamnophis_brachystoma","Thamnophis_brachystoma",-0.0458508775174173,-0.168252559016836,0.00408275780841972,0.00746164064336146,"worms","lightpink2"
"Thamnophis_hammondii","Thamnophis_hammondii",-0.0596396894107589,0.304355306519601,0.00408275780841972,0.00746164064336146,"other verts","gray50"
"Thamnophis_eques","Thamnophis_eques",-0.0389887613130027,0.0492146774694722,0.00408275780841972,0.00746164064336146,"other verts","gray50"
"Thamnophis_marcianus","Thamnophis_marcianus",-0.076054702720437,0.12391349876391,0.00408275780841972,0.00746164064336146,"other verts","gray50"
"Thamnophis_pulchrilatus","Thamnophis_pulchrilatus",-0.179951408590597,-0.0134303968935798,0.00408275780841972,0.00746164064336146,"other verts","gray50"
"Thamnophis_cyrtopsis","Thamnophis_cyrtopsis",-0.242724302993307,0.0118553113587743,0.00408275780841972,0.00746164064336146,"other verts","gray50"
"Thamnophis_chrysocephalus","Thamnophis_chrysocephalus",-0.093507421395612,0.0169103591022812,0.00408275780841972,0.00746164064336146,"other verts","gray50"
"Thamnophis_proximus","Thamnophis_proximus",-0.266990622013329,-0.17998336632656,0.00408275780841972,0.00746164064336146,"other verts","gray50"
"Thamnophis_saurita","Thamnophis_saurita",-0.300232994869498,-0.1654025039295,0.00408275780841972,0.00746164064336146,"other verts","gray50"
"Thamnophis_sirtalis","Thamnophis_sirtalis",-0.184041268524508,-0.0716247220388635,0.00408275780841972,0.00746164064336146,"other verts","gray50"
"Storeria_occipitomaculata","Storeria_occipitomaculata",-0.140325213249332,-0.335879879836331,0.00204137890420986,0.00373082032168073,"mollusks","saddlebrown"
"Storeria_dekayi","Storeria_dekayi",-0.107384621290472,-0.0690574074927419,0.000816551561683943,0.00149232812867229,"mollusks","saddlebrown"
"Liodytes_alleni","Liodytes_alleni",-0.272265673040636,0.375466033204928,0.00102068945210493,0.00186541016084037,"crusts","tomato2"
"Liodytes_rigida","Liodytes_rigida",-0.116528961082659,0.305867000157447,0.000816551561683943,0.00149232812867229,"crusts","tomato2"
"Seminatrix_pygaea","Seminatrix_pygaea",-0.122600861587983,-0.000808026966861553,0.00408275780841972,0.00746164064336146,"other verts","gray50"
"Virginia_valeriae","Virginia_valeriae",0.263930295247068,-0.0173071362763277,0.00204137890420986,0.00373082032168073,"worms","lightpink2"
"Clonophis_kirtlandii","Clonophis_kirtlandii",-0.154301804187724,-0.0221487730470484,0.00204137890420986,0.00373082032168073,"worms","lightpink2"
"Virginia_striatula","Virginia_striatula",0.0730145466844974,-0.277047742675353,0.00408275780841972,0.00746164064336146,"worms","lightpink2"
"Nerodia_harteri","Nerodia_harteri",-0.183860800012022,0.0569900057891193,0.00408275780841972,0.00746164064336146,"fish","turquoise2"
"Nerodia_sipedon","Nerodia_sipedon",-0.0506450698550198,0.109528858748881,0.00204137890420986,0.00373082032168073,"fish","turquoise2"
"Nerodia_clarkii","Nerodia_clarkii",-0.12332796284544,0.038584989343585,0.00408275780841972,0.00746164064336146,"fish","turquoise2"
"Nerodia_fasciata","Nerodia_fasciata",-0.114866070809783,0.0183538897644526,0.00408275780841972,0.00746164064336146,"other verts","gray50"
"Nerodia_erythrogaster","Nerodia_erythrogaster",-0.267472120299049,-0.00356060853248774,0.00408275780841972,0.00746164064336146,"other verts","gray50"
"Nerodia_taxispilota","Nerodia_taxispilota",-0.0877790218599599,0.523339881771955,0.00408275780841972,0.00746164064336146,"fish","turquoise2"
"Nerodia_rhombifer","Nerodia_rhombifer",-0.0764511129977263,0.236057868966732,0.00408275780841972,0.00746164064336146,"fish","turquoise2"
"Nerodia_cyclopion","Nerodia_cyclopion",-0.0806798092695158,0.257743204794845,0.00204137890420986,0.00373082032168073,"fish","turquoise2"
"Tropidoclonion_lineatum","Tropidoclonion_lineatum",0.200926811542952,-0.062809454556728,0.00408275780841972,0.00746164064336146,"worms","lightpink2"
"Regina_septemvittata","Regina_septemvittata",-0.217644521418831,-0.0202152056219116,0.000816551561683943,0.00149232812867229,"crusts","tomato2"
"Natrix_natrix","Natrix_natrix",-0.0487674239402711,0.0819938911532971,0.00204137890420986,0.00373082032168073,"other verts","gray50"
"Natrix_tessellata","Natrix_tessellata",-0.199297956223343,0.0879445731066089,0.00408275780841972,0.00746164064336146,"fish","turquoise2"
"Trimerodytes_annularis","Trimerodytes_annularis",0.0674951960476111,-0.111160864859118,0.00408275780841972,0.00746164064336146,"eels","royalblue2"
"Opisthotropis_latouchii","Opisthotropis_latouchii",-0.0720322310446146,-0.490678074146173,0.00408275780841972,0.00746164064336146,"worms","lightpink2"
"Rhabdophis_tigrinus","Rhabdophis_tigrinus",-0.346774662924822,-0.177961752521487,0.00408275780841972,0.00746164064336146,"other verts","gray50"
"Rhabdophis_subminiatus","Rhabdophis_subminiatus",-0.190666310495357,-0.0780459657240182,0.00408275780841972,0.00746164064336146,"other verts","gray50"
"Fowlea_piscator","Fowlea_piscator",-0.0602329053872981,-0.136337727472942,0.00204137890420986,0.00373082032168073,"fish","turquoise2"
"Atretium_schistosum","Atretium_schistosum",-0.0776671651335583,0.133883371607852,0.00204137890420986,0.00373082032168073,"other verts","gray50"
"Amphiesma_stolatum","Amphiesma_stolatum",-0.156421829783773,-0.0917123440402183,0.00204137890420986,0.00373082032168073,"other verts","gray50"
"Natriciteres_olivacea","Natriciteres_olivacea",-0.332834109850254,-0.168830641182002,0.00408275780841972,0.00746164064336146,"other verts","gray50"
"Afronatrix_anoscopus","Afronatrix_anoscopus",-0.113821979299318,-0.110568981331028,0.00204137890420986,0.00373082032168073,"other verts","gray50"
"Lycognathophis_seychellensis","Lycognathophis_seychellensis",-0.0613335603272254,-0.219742261314396,0.00408275780841972,0.00746164064336146,"lizards","forestgreen"
"Hebius_sauteri","Hebius_sauteri",-0.0485713197331865,-0.0748463993710182,0.00408275780841972,0.00746164064336146,"other verts","gray50"
"Trachischium_fuscum","Trachischium_fuscum",0.0947198854606179,-0.134463419440567,0.00408275780841972,0.00746164064336146,"worms","lightpink2"
"Aspidura_brachyorrhos","Aspidura_brachyorrhos",-0.132859245394202,-0.409667340905107,0.00408275780841972,0.00746164064336146,"worms","lightpink2"
"Erythrolamprus_mimus","Erythrolamprus_mimus",0.0440825096817599,-0.104523444721521,0.00408275780841972,0.00746164064336146,"snakes","mediumpurple2"
"Erythrolamprus_bizona","Erythrolamprus_bizona",0.078760384241475,-0.166596699825352,0.00408275780841972,0.00746164064336146,"snakes","mediumpurple2"
"Erythrolamprus_aesculapii","Erythrolamprus_aesculapii",0.0286659478622426,-0.00990240530644271,0.00408275780841972,0.00746164064336146,"snakes","mediumpurple2"
"Erythrolamprus_juliae","Erythrolamprus_juliae",-0.300246662692408,-0.321917610696721,0.00408275780841972,0.00746164064336146,"other verts","gray50"
"Erythrolamprus_cursor","Erythrolamprus_cursor",-0.10474111683128,-0.16760633011237,0.00408275780841972,0.00746164064336146,"other verts","gray50"
"Erythrolamprus_epinephalus","Erythrolamprus_epinephalus",-0.208682655276547,-0.180320252174988,0.00204137890420986,0.00373082032168073,"other verts","gray50"
"Erythrolamprus_breviceps","Erythrolamprus_breviceps",0.117289663651506,-0.0956520731302977,0.00408275780841972,0.00746164064336146,"eels","royalblue2"
"Erythrolamprus_reginae","Erythrolamprus_reginae",-0.0758621979354825,-0.0848098312748706,0.00408275780841972,0.00746164064336146,"other verts","gray50"
"Erythrolamprus_poecilogyrus","Erythrolamprus_poecilogyrus",-0.0278725784272054,0.0777491580400282,0.00408275780841972,0.00746164064336146,"other verts","gray50"
"Erythrolamprus_typhlus","Erythrolamprus_typhlus",-0.155563072384568,0.0229294654448486,0.00408275780841972,0.00746164064336146,"other verts","gray50"
"Erythrolamprus_jaegeri","Erythrolamprus_jaegeri",-0.230403520509594,-0.439290487898896,0.00408275780841972,0.00746164064336146,"other verts","gray50"
"Erythrolamprus_almadensis","Erythrolamprus_almadensis",-0.218814356874548,-0.130955164427921,0.00408275780841972,0.00746164064336146,"other verts","gray50"
"Xenodon_guentheri","Xenodon_guentheri",-0.22025247795127,0.395991185187567,0.00408275780841972,0.00746164064336146,"other verts","gray50"
"Xenodon_histricus","Xenodon_histricus",-0.22526241212854,0.390366510499754,0.00408275780841972,0.00746164064336146,"other verts","gray50"
"Xenodon_dorbignyi","Xenodon_dorbignyi",-0.18651261693678,0.366206833074141,0.00408275780841972,0.00746164064336146,"other verts","gray50"
"Xenodon_neuwiedii","Xenodon_neuwiedii",-0.319656151569186,0.236147946480199,0.00408275780841972,0.00746164064336146,"other verts","gray50"
"Xenodon_merremii","Xenodon_merremii",0.0748120666080934,0.489943575479234,0.00408275780841972,0.00746164064336146,"other verts","gray50"
"Xenodon_rabdocephalus","Xenodon_rabdocephalus",-0.0791442012626671,0.090425385921598,0.00408275780841972,0.00746164064336146,"other verts","gray50"
"Xenodon_severus","Xenodon_severus",-0.154019157750905,0.480857103158903,0.00204137890420986,0.00373082032168073,"other verts","gray50"
"Lygophis_paucidens","Lygophis_paucidens",-0.0873355347620013,-0.20193011522324,0.00408275780841972,0.00746164064336146,"lizards","forestgreen"
"Lygophis_flavifrenatus","Lygophis_flavifrenatus",-0.233055053662032,-0.23020872232002,0.00408275780841972,0.00746164064336146,"other verts","gray50"
"Lygophis_meridionalis","Lygophis_meridionalis",-0.189182809352849,-0.138765056519252,0.00408275780841972,0.00746164064336146,"other verts","gray50"
"Lygophis_anomalus","Lygophis_anomalus",-0.137371817512516,0.360137396196956,0.00408275780841972,0.00746164064336146,"other verts","gray50"
"Uromacer_frenatus","Uromacer_frenatus",-0.220368290399404,-0.246056691375652,0.00408275780841972,0.00746164064336146,"lizards","forestgreen"
"Uromacer_oxyrhynchus","Uromacer_oxyrhynchus",-0.14528585909024,-0.485589931093326,0.00408275780841972,0.00746164064336146,"lizards","forestgreen"
"Uromacer_catesbyi","Uromacer_catesbyi",-0.232470106715015,-0.376457222608045,0.00408275780841972,0.00746164064336146,"other verts","gray50"
"Cubophis_vudii","Cubophis_vudii",-0.0347438896244727,-0.216039652059719,0.00408275780841972,0.00746164064336146,"lizards","forestgreen"
"Cubophis_cantherigerus","Cubophis_cantherigerus",-0.0576352431605871,-0.167094525848631,0.00204137890420986,0.00373082032168073,"lizards","forestgreen"
"Caraiba_andreae","Caraiba_andreae",-0.270506221164609,-0.191146272584368,0.00408275780841972,0.00746164064336146,"other verts","gray50"
"Hypsirhynchus_ferox","Hypsirhynchus_ferox",-0.0155982652022342,-0.160754030193735,0.00408275780841972,0.00746164064336146,"lizards","forestgreen"
"Hypsirhynchus_parvifrons","Hypsirhynchus_parvifrons",-0.0914555420475729,-0.110405407569825,0.00408275780841972,0.00746164064336146,"lizards","forestgreen"
"Hypsirhynchus_funereus","Hypsirhynchus_funereus",-0.114610285722432,-0.11468893191595,0.00408275780841972,0.00746164064336146,"lizards","forestgreen"
"Hypsirhynchus_callilaemus","Hypsirhynchus_callilaemus",-0.152639383773807,-0.342675843212371,0.00408275780841972,0.00746164064336146,"lizards","forestgreen"
"Ialtris_dorsalis","Ialtris_dorsalis",0.032616857768045,0.0135290066491307,0.00408275780841972,0.00746164064336146,"other verts","gray50"
"Ialtris_haetianus","Ialtris_haetianus",-0.20830981790146,-0.321942299369389,0.00408275780841972,0.00746164064336146,"other verts","gray50"
"Borikenophis_portoricensis","Borikenophis_portoricensis",-0.0601392309029396,-0.185704167276536,0.00204137890420986,0.00373082032168073,"lizards","forestgreen"
"Magliophis_stahli","Magliophis_stahli",-0.0160136236477966,-0.0842618431532765,0.00408275780841972,0.00746164064336146,"lizards","forestgreen"
"Magliophis_exiguus","Magliophis_exiguus",-0.0341848961505278,-0.232913720602674,0.00408275780841972,0.00746164064336146,"lizards","forestgreen"
"Alsophis_rufiventris","Alsophis_rufiventris",-0.0327011183775825,-0.52208911558261,0.00408275780841972,0.00746164064336146,"lizards","forestgreen"
"Psomophis_joberti","Psomophis_joberti",-0.184211446759566,-0.232418738071526,0.00408275780841972,0.00746164064336146,"other verts","gray50"
"Psomophis_genimaculatus","Psomophis_genimaculatus",-0.139134020235689,-0.139713019394098,0.00408275780841972,0.00746164064336146,"other verts","gray50"
"Pseudalsophis_hoodensis","Pseudalsophis_hoodensis",-0.190119114823462,-0.381952413926909,0.00408275780841972,0.00746164064336146,"lizards","forestgreen"
"Philodryas_baroni","Philodryas_baroni",-0.121113500255497,-0.277820962457873,0.00408275780841972,0.00746164064336146,"other verts","gray50"
"Philodryas_chamissonis","Philodryas_chamissonis",-0.0273415547683404,-0.068765901033045,0.00408275780841972,0.00746164064336146,"other verts","gray50"
"Philodryas_olfersii","Philodryas_olfersii",-0.00109821755959905,-0.21466580071159,0.00408275780841972,0.00746164064336146,"other verts","gray50"
"Philodryas_nattereri","Philodryas_nattereri",0.0391301275379707,-0.234413477464575,0.00408275780841972,0.00746164064336146,"other verts","gray50"
"Philodryas_agassizii","Philodryas_agassizii",-0.217120859849516,-0.190001844668196,0.00408275780841972,0.00746164064336146,"bugs","goldenrod2"
"Philodryas_psammophidea","Philodryas_psammophidea",0.129024151148692,-0.0898123857711985,0.00408275780841972,0.00746164064336146,"other verts","gray50"
"Philodryas_patagoniensis","Philodryas_patagoniensis",-0.0260966985890163,-0.0896334321634868,0.00408275780841972,0.00746164064336146,"other verts","gray50"
"Philodryas_aestiva","Philodryas_aestiva",0.0121578078047964,-0.145770554402169,0.00408275780841972,0.00746164064336146,"other verts","gray50"
"Chlorosoma_viridissimum","Chlorosoma_viridissimum",-0.0168109071351572,-0.101104735959042,0.00408275780841972,0.00746164064336146,"other verts","gray50"
"Xenoxybelis_argenteus","Xenoxybelis_argenteus",-0.124510325383341,-0.425962552418177,0.00204137890420986,0.00373082032168073,"lizards","forestgreen"
"Tropidodryas_striaticeps","Tropidodryas_striaticeps",-0.047865953712644,-0.108592583847624,0.00408275780841972,0.00746164064336146,"other verts","gray50"
"Tropidodryas_serra","Tropidodryas_serra",0.0604075249600111,-0.134178468671721,0.00408275780841972,0.00746164064336146,"other verts","gray50"
"Apostolepis_flavotorquata","Apostolepis_flavotorquata",0.0354611019527786,-0.713771142401678,0.00408275780841972,0.00746164064336146,"snakes","mediumpurple2"
"Apostolepis_assimilis","Apostolepis_assimilis",0.10364369813587,-0.800630225954249,0.00408275780841972,0.00746164064336146,"snakes","mediumpurple2"
"Elapomorphus_quinquelineatus","Elapomorphus_quinquelineatus",0.0689797765709348,-0.64974219526347,0.00408275780841972,0.00746164064336146,"snakes","mediumpurple2"
"Phalotris_mertensi","Phalotris_mertensi",0.17843592072722,-0.62033759738621,0.00408275780841972,0.00746164064336146,"snakes","mediumpurple2"
"Taeniophallus_brevirostris","Taeniophallus_brevirostris",-0.0736195335319727,-0.050026768822923,0.00204137890420986,0.00373082032168073,"lizards","forestgreen"
"Echinanthera_melanostigma","Echinanthera_melanostigma",-0.192304074310048,-0.271626763345685,0.00408275780841972,0.00746164064336146,"other verts","gray50"
"Dibernardia_affinis","Dibernardia_affinis",-0.0118396598275419,-0.204870398472181,0.00408275780841972,0.00746164064336146,"lizards","forestgreen"
"Sordellina_punctata","Sordellina_punctata",-0.0276819342207597,-0.151063359995671,0.00408275780841972,0.00746164064336146,"worms","lightpink2"
"Clelia_clelia","Clelia_clelia",0.0994895659296309,0.00111984062203785,0.00204137890420986,0.00373082032168073,"snakes","mediumpurple2"
"Boiruna_maculata","Boiruna_maculata",0.0847526745721154,-0.308181128070322,0.00408275780841972,0.00746164064336146,"snakes","mediumpurple2"
"Pseudoboa_nigra","Pseudoboa_nigra",0.019792529450134,-0.259286398093955,0.00408275780841972,0.00746164064336146,"lizards","forestgreen"
"Pseudoboa_neuwiedii","Pseudoboa_neuwiedii",-0.139150150746776,-0.0504577746349797,0.00408275780841972,0.00746164064336146,"lizards","forestgreen"
"Pseudoboa_coronata","Pseudoboa_coronata",0.0996111365958281,-0.218060237183416,0.00408275780841972,0.00746164064336146,"lizards","forestgreen"
"Rhachidelus_brazili","Rhachidelus_brazili",0.214566306291704,0.0128950633553746,0.00408275780841972,0.00746164064336146,"other verts","gray50"
"Drepanoides_anomalus","Drepanoides_anomalus",-0.138366263379238,-0.189265155852687,0.00408275780841972,0.00746164064336146,"other verts","gray50"
"Mussurana_bicolor","Mussurana_bicolor",0.0503134637883873,-0.320846161348304,0.00408275780841972,0.00746164064336146,"other verts","gray50"
"Paraphimophis_rusticus","Paraphimophis_rusticus",0.065888993540141,-0.0944858844553192,0.00408275780841972,0.00746164064336146,"other verts","gray50"
"Oxyrhopus_fitzingeri","Oxyrhopus_fitzingeri",0.0352996445742699,-0.176980163987314,0.00408275780841972,0.00746164064336146,"lizards","forestgreen"
"Oxyrhopus_trigeminus","Oxyrhopus_trigeminus",0.0713590624574105,-0.138979395982475,0.00408275780841972,0.00746164064336146,"other verts","gray50"
"Oxyrhopus_rhombifer","Oxyrhopus_rhombifer",0.0233801491168444,-0.283268954033469,0.00408275780841972,0.00746164064336146,"other verts","gray50"
"Oxyrhopus_petolarius","Oxyrhopus_petolarius",0.006059117739454,-0.259105739570697,0.00204137890420986,0.00373082032168073,"other verts","gray50"
"Oxyrhopus_formosus","Oxyrhopus_formosus",0.00664176498358882,-0.234968657469261,0.00408275780841972,0.00746164064336146,"lizards","forestgreen"
"Oxyrhopus_clathratus","Oxyrhopus_clathratus",-0.060246358520083,-0.346527931916405,0.00408275780841972,0.00746164064336146,"other verts","gray50"
"Siphlophis_pulcher","Siphlophis_pulcher",0.0394841377468813,-0.109292290170058,0.00408275780841972,0.00746164064336146,"lizards","forestgreen"
"Siphlophis_compressus","Siphlophis_compressus",-0.0302024658686564,-0.249680870463388,0.00408275780841972,0.00746164064336146,"lizards","forestgreen"
"Siphlophis_cervinus","Siphlophis_cervinus",0.259490514295557,-0.188686620783902,0.00136091926947324,0.00248721354778715,"lizards","forestgreen"
"Hydrodynastes_gigas","Hydrodynastes_gigas",-0.0980328875685224,-0.0282847101462904,0.00204137890420986,0.00373082032168073,"other verts","gray50"
"Hydrodynastes_bicinctus","Hydrodynastes_bicinctus",-0.113790291590284,-0.0949942661744467,0.00408275780841972,0.00746164064336146,"other verts","gray50"
"Xenopholis_undulatus","Xenopholis_undulatus",-0.0955362891391037,-0.254380032595035,0.00408275780841972,0.00746164064336146,"other verts","gray50"
"Xenopholis_scalaris","Xenopholis_scalaris",-0.0798109931256197,-0.0978376329716295,0.00408275780841972,0.00746164064336146,"other verts","gray50"
"Tachymenis_trigonatus","Tachymenis_trigonatus",-0.0262215560421104,0.0502948536335499,0.00204137890420986,0.00373082032168073,"other verts","gray50"
"Tachymenis_peruviana","Tachymenis_peruviana",-0.146130484660309,0.0175905403124461,0.00204137890420986,0.00373082032168073,"other verts","gray50"
"Gomesophis_brasiliensis","Gomesophis_brasiliensis",0.116364278068173,-0.0455718164290719,0.00408275780841972,0.00746164064336146,"worms","lightpink2"
"Tomodon_dorsatus","Tomodon_dorsatus",-0.0800428809678322,0.268488471243267,0.00408275780841972,0.00746164064336146,"mollusks","saddlebrown"
"Thamnodynastes_pallidus","Thamnodynastes_pallidus",0.00581800566402424,0.100325769963906,0.00408275780841972,0.00746164064336146,"other verts","gray50"
"Mesotes_strigatus","Mesotes_strigatus",0.0428376520329796,-0.00277233094889895,0.00408275780841972,0.00746164064336146,"other verts","gray50"
"Zonateres_lanei","Zonateres_lanei",0.0544523534070811,0.0440098096347648,0.00408275780841972,0.00746164064336146,"other verts","gray50"
"Mesotes_rutilus","Mesotes_rutilus",-0.0901879490350916,0.0851767269913646,0.00408275780841972,0.00746164064336146,"other verts","gray50"
"Helicops_carinicaudus","Helicops_carinicaudus",-0.0212886971319501,0.035875881021024,0.00408275780841972,0.00746164064336146,"fish","turquoise2"
"Helicops_leopardinus","Helicops_leopardinus",-0.0409175550801544,0.216633274601588,0.00408275780841972,0.00746164064336146,"fish","turquoise2"
"Helicops_angulatus","Helicops_angulatus",-0.0144781759224948,-0.124079287989762,0.00204137890420986,0.00373082032168073,"fish","turquoise2"
"Hydrops_triangularis","Hydrops_triangularis",0.0755193990787195,-0.0528823798071346,0.00408275780841972,0.00746164064336146,"eels","royalblue2"
"Pseudoeryx_plicatilis","Pseudoeryx_plicatilis",0.159941873712452,0.111090677482441,0.00408275780841972,0.00746164064336146,"eels","royalblue2"
"Pliocercus_elapoides","Pliocercus_elapoides",-0.128114487436602,-0.276962896193573,0.00136091926947324,0.00248721354778715,"other verts","gray50"
"Manolepis_putnami","Manolepis_putnami",-0.0131017763920658,-0.24725696057031,0.00204137890420986,0.00373082032168073,"lizards","forestgreen"
"Conophis_lineatus","Conophis_lineatus",0.049573805314894,-0.0922144534482745,0.00204137890420986,0.00373082032168073,"lizards","forestgreen"
"Conophis_vittatus","Conophis_vittatus",-0.00830363408339418,-0.0748104043043021,0.00408275780841972,0.00746164064336146,"lizards","forestgreen"
"Dipsas_catesbyi","Dipsas_catesbyi",-0.425329079980386,-0.184545052348263,0.00408275780841972,0.00746164064336146,"mollusks","saddlebrown"
"Dipsas_albifrons","Dipsas_albifrons",-0.314787776551397,0.566269925400634,0.00408275780841972,0.00746164064336146,"mollusks","saddlebrown"
"Dipsas_variegata","Dipsas_variegata",-0.401966745404402,0.689125730776886,0.00408275780841972,0.00746164064336146,"mollusks","saddlebrown"
"Dipsas_mikanii","Dipsas_mikanii",-0.328354016514365,-0.107605120622273,0.00408275780841972,0.00746164064336146,"mollusks","saddlebrown"
"Dipsas_neuwiedi","Dipsas_neuwiedi",-0.27442312098505,0.0199899671967472,0.00408275780841972,0.00746164064336146,"mollusks","saddlebrown"
"Dipsas_turgida","Dipsas_turgida",-0.498123317991056,0.17849165304063,0.00408275780841972,0.00746164064336146,"mollusks","saddlebrown"
"Dipsas_indica","Dipsas_indica",-0.29152642960473,0.45365400321641,0.00204137890420986,0.00373082032168073,"mollusks","saddlebrown"
"Dipsas_articulata","Dipsas_articulata",-0.732086641606417,0.388739314656071,0.00408275780841972,0.00746164064336146,"mollusks","saddlebrown"
"Sibon_dimidiatus","Sibon_dimidiatus",0.09726525276717,-0.0435604199585652,0.00204137890420986,0.00373082032168073,"mollusks","saddlebrown"
"Sibon_nebulatus","Sibon_nebulatus",0.00938562716471991,0.166782759980338,0.00204137890420986,0.00373082032168073,"mollusks","saddlebrown"
"Tropidodipsas_fischeri","Tropidodipsas_fischeri",0.125154455286574,-0.215451138488367,0.00408275780841972,0.00746164064336146,"mollusks","saddlebrown"
"Tropidodipsas_fasciata","Tropidodipsas_fasciata",0.0883322977200502,-0.078970373764526,0.00408275780841972,0.00746164064336146,"mollusks","saddlebrown"
"Geophis_sartorii","Geophis_sartorii",0.0287685843877348,0.0594039839070872,0.00408275780841972,0.00746164064336146,"mollusks","saddlebrown"
"Ninia_atrata","Ninia_atrata",0.0102870100684453,-0.227923378845347,0.00408275780841972,0.00746164064336146,"mollusks","saddlebrown"
"Ninia_sebae","Ninia_sebae",0.0107383650600044,-0.208477627826215,0.00408275780841972,0.00746164064336146,"worms","lightpink2"
"Ninia_diademata","Ninia_diademata",-0.176117696762689,-0.419199617101057,0.00408275780841972,0.00746164064336146,"mollusks","saddlebrown"
"Geophis_carinosus","Geophis_carinosus",-0.0881409352275148,-0.466269887849348,0.00408275780841972,0.00746164064336146,"worms","lightpink2"
"Geophis_dubius","Geophis_dubius",0.0450362650973123,-0.543122989462913,0.00408275780841972,0.00746164064336146,"worms","lightpink2"
"Geophis_latifrontalis","Geophis_latifrontalis",0.124672005581291,-0.465212339922908,0.00408275780841972,0.00746164064336146,"worms","lightpink2"
"Atractus_flammigerus","Atractus_flammigerus",0.145461698414604,-0.144061183010899,0.00408275780841972,0.00746164064336146,"worms","lightpink2"
"Atractus_reticulatus","Atractus_reticulatus",0.129715818050149,-0.177158023767861,0.00408275780841972,0.00746164064336146,"worms","lightpink2"
"Atractus_elaps","Atractus_elaps",0.188177333576267,-0.0106555774255086,0.00408275780841972,0.00746164064336146,"worms","lightpink2"
"Atractus_occidentalis","Atractus_occidentalis",0.248454053417367,-0.14350294819548,0.00408275780841972,0.00746164064336146,"worms","lightpink2"
"Atractus_major","Atractus_major",0.268316833915403,0.0311570442796367,0.00408275780841972,0.00746164064336146,"worms","lightpink2"
"Geophis_godmani","Geophis_godmani",0.0859177962331241,-0.580433163407072,0.00408275780841972,0.00746164064336146,"worms","lightpink2"
"Geophis_hoffmanni","Geophis_hoffmanni",0.159186559988655,-0.52860964294105,0.00408275780841972,0.00746164064336146,"worms","lightpink2"
"Atractus_badius","Atractus_badius",0.287964201807921,-0.140246757207217,0.00408275780841972,0.00746164064336146,"worms","lightpink2"
"Adelphicos_quadrivirgatum","Adelphicos_quadrivirgatum",0.303265056654682,-0.129000336999587,0.00408275780841972,0.00746164064336146,"worms","lightpink2"
"Cryophis_hallbergi","Cryophis_hallbergi",-0.06528872889852,0.0214039756037736,0.00408275780841972,0.00746164064336146,"other verts","gray50"
"Tretanorhinus_nigroluteus","Tretanorhinus_nigroluteus",0.0219754572073569,-0.0272217826652967,0.00204137890420986,0.00373082032168073,"fish","turquoise2"
"Rhadinaea_fulvivittis","Rhadinaea_fulvivittis",-0.075705782515042,-0.44736916982114,0.00204137890420986,0.00373082032168073,"other verts","gray50"
"Rhadinaea_flavilata","Rhadinaea_flavilata",-0.223582952868901,-0.215581565112682,0.00408275780841972,0.00746164064336146,"other verts","gray50"
"Coniophanes_schmidti","Coniophanes_schmidti",-0.0638720749520818,-0.00313443768653565,0.00408275780841972,0.00746164064336146,"other verts","gray50"
"Coniophanes_imperialis","Coniophanes_imperialis",0.0990243154243535,-0.215051746043347,0.00408275780841972,0.00746164064336146,"other verts","gray50"
"Coniophanes_fissidens","Coniophanes_fissidens",-0.000379457868293631,0.0130303824285343,0.00408275780841972,0.00746164064336146,"other verts","gray50"
"Leptodeira_maculata","Leptodeira_maculata",0.00288632171730141,-0.0164765600916634,0.00408275780841972,0.00746164064336146,"other verts","gray50"
"Leptodeira_septentrionalis","Leptodeira_septentrionalis",0.0689616887761479,0.0427299495882774,0.00204137890420986,0.00373082032168073,"other verts","gray50"
"Leptodeira_bakeri","Leptodeira_bakeri",0.039895896985459,0.0593559599995768,0.00408275780841972,0.00746164064336146,"other verts","gray50"
"Leptodeira_annulata","Leptodeira_annulata",-0.0884177605923904,0.150707689350268,0.00204137890420986,0.00373082032168073,"other verts","gray50"
"Leptodeira_splendida","Leptodeira_splendida",-0.081988478988265,-0.206981656957602,0.00408275780841972,0.00746164064336146,"other verts","gray50"
"Leptodeira_punctata","Leptodeira_punctata",-0.0601256539718749,0.180611537611815,0.00204137890420986,0.00373082032168073,"other verts","gray50"
"Leptodeira_frenata","Leptodeira_frenata",-0.0596681136898014,0.0559044459373428,0.00204137890420986,0.00373082032168073,"other verts","gray50"
"Leptodeira_nigrofasciata","Leptodeira_nigrofasciata",-0.157762959314934,-0.199989725130052,0.00204137890420986,0.00373082032168073,"other verts","gray50"
"Imantodes_lentiferus","Imantodes_lentiferus",-0.0927979624482722,-0.170671972289863,0.00408275780841972,0.00746164064336146,"other verts","gray50"
"Imantodes_gemmistratus","Imantodes_gemmistratus",-0.121895547631429,-0.0865054755809408,0.00204137890420986,0.00373082032168073,"lizards","forestgreen"
"Imantodes_tenuissimus","Imantodes_tenuissimus",-0.153972477644138,-0.2442027435825,0.00408275780841972,0.00746164064336146,"lizards","forestgreen"
"Imantodes_cenchoa","Imantodes_cenchoa",-0.0493173218602989,-0.309735735782314,0.00136091926947324,0.00248721354778715,"lizards","forestgreen"
"Imantodes_inornatus","Imantodes_inornatus",-0.187427774113531,-0.0476636267507851,0.00408275780841972,0.00746164064336146,"other verts","gray50"
"Nothopsis_rugosus","Nothopsis_rugosus",-0.263711283991171,-0.112250795135521,0.00408275780841972,0.00746164064336146,"other verts","gray50"
"Hypsiglena_chlorophaea","Hypsiglena_chlorophaea",-0.0598078438297482,-0.127586291990203,0.00136091926947324,0.00248721354778715,"lizards","forestgreen"
"Hypsiglena_jani","Hypsiglena_jani",-0.139368644215863,-0.111068883077087,0.00204137890420986,0.00373082032168073,"lizards","forestgreen"
"Pseudoleptodeira_latifasciata","Pseudoleptodeira_latifasciata",-0.0381014076327659,-0.114143603701798,0.00408275780841972,0.00746164064336146,"other verts","gray50"
"Rhadinella_lachrymans","Rhadinella_lachrymans",-0.302701795429523,-0.46896492375702,0.00408275780841972,0.00746164064336146,"other verts","gray50"
"Tantalophis_discolor","Tantalophis_discolor",-0.109528622387823,-0.190128405916814,0.00408275780841972,0.00746164064336146,"other verts","gray50"
"Amastridium_veliferum","Amastridium_veliferum",-0.11718696616908,-0.143823088235982,0.00408275780841972,0.00746164064336146,"other verts","gray50"
"Trimetopon_gracile","Trimetopon_gracile",-0.304660769477135,-0.375625012458394,0.00408275780841972,0.00746164064336146,"other verts","gray50"
"Synophis_bicolor","Synophis_bicolor",-0.0511490568326418,-0.120670397274535,0.00408275780841972,0.00746164064336146,"lizards","forestgreen"
"Crisantophis_nevermanni","Crisantophis_nevermanni",0.0525630852903771,-0.0774030733863869,0.00408275780841972,0.00746164064336146,"other verts","gray50"
"Farancia_abacura","Farancia_abacura",0.136849111704341,0.0427632817581856,0.00204137890420986,0.00373082032168073,"eels","royalblue2"
"Farancia_erytrogramma","Farancia_erytrogramma",0.0305124724344292,0.0769936281620156,0.00408275780841972,0.00746164064336146,"eels","royalblue2"
"Carphophis_vermis","Carphophis_vermis",-0.0563953043393213,-0.481006393658806,0.00408275780841972,0.00746164064336146,"worms","lightpink2"
"Carphophis_amoenus","Carphophis_amoenus",-0.0783159277794534,-0.54867176852251,0.00408275780841972,0.00746164064336146,"worms","lightpink2"
"Diadophis_punctatus","Diadophis_punctatus",-0.158777222100828,-0.325140667791405,0.00136091926947324,0.00248721354778715,"other verts","gray50"
"Enulius_flavitorques","Enulius_flavitorques",0.048691719957667,-0.839451958169184,0.00408275780841972,0.00746164064336146,"other verts","gray50"
"Contia_tenuis","Contia_tenuis",-0.173659481295428,-0.377736572533394,0.00204137890420986,0.00373082032168073,"mollusks","saddlebrown"
"Heterodon_simus","Heterodon_simus",-0.274374977349177,0.658701326300267,0.00204137890420986,0.00373082032168073,"other verts","gray50"
"Heterodon_nasicus","Heterodon_nasicus",-0.0731225469551036,0.825468236816956,0.00408275780841972,0.00746164064336146,"other verts","gray50"
"Heterodon_platirhinos","Heterodon_platirhinos",-0.130107955402713,0.721282890105492,0.00102068945210493,0.00186541016084037,"other verts","gray50"
"Thermophis_baileyi","Thermophis_baileyi",-0.167745456942056,-0.255941852312213,0.00408275780841972,0.00746164064336146,"other verts","gray50"
"Pseudoxenodon_macrops","Pseudoxenodon_macrops",-0.241778705295279,0.023565667204847,0.00204137890420986,0.00373082032168073,"other verts","gray50"
"Pseudoxenodon_stejnegeri","Pseudoxenodon_stejnegeri",-0.128939337639786,0.0477556962642096,0.00408275780841972,0.00746164064336146,"other verts","gray50"
"Hydrophis_ornatus","Hydrophis_ornatus",-0.0254933505957786,-0.302693541147088,0.000816551561683943,0.00149232812867229,"fish","turquoise2"
"Hydrophis_ocellatus","Hydrophis_ocellatus",0.000398009365139229,-0.368157759751422,0.00408275780841972,0.00746164064336146,"fish","turquoise2"
"Hydrophis_peronii","Hydrophis_peronii",0.0480570344121956,-0.237213539767862,0.000816551561683943,0.00149232812867229,"fish","turquoise2"
"Hydrophis_kingii","Hydrophis_kingii",0.0742662053111856,-0.409735467329961,0.00408275780841972,0.00746164064336146,"eels","royalblue2"
"Hydrophis_macdowelli","Hydrophis_macdowelli",0.142329712640505,-0.392239747298726,0.000816551561683943,0.00149232812867229,"eels","royalblue2"
"Hydrophis_zweifeli","Hydrophis_zweifeli",-0.0642908845901358,0.0493695946423374,0.00204137890420986,0.00373082032168073,"fish","turquoise2"
"Hydrophis_major","Hydrophis_major",-0.016821366273478,-0.0665001150586528,0.000816551561683943,0.00149232812867229,"fish","turquoise2"
"Hydrophis_atriceps","Hydrophis_atriceps",0.0690800389220354,-0.148652617813657,0.000816551561683943,0.00149232812867229,"eels","royalblue2"
"Hydrophis_fasciatus","Hydrophis_fasciatus",0.0412393727966802,-0.260581952292594,0.00408275780841972,0.00746164064336146,"eels","royalblue2"
"Hydrophis_platurus","Hydrophis_platurus",-0.116390223732254,-0.46353037550606,0.000816551561683943,0.00149232812867229,"fish","turquoise2"
"Hydrophis_schistosus","Hydrophis_schistosus",0.0238246679087184,-0.0429536321564892,0.000816551561683943,0.00149232812867229,"fish","turquoise2"
"Hydrophis_stokesii","Hydrophis_stokesii",0.0423591634202451,0.0995583120054544,0.00204137890420986,0.00373082032168073,"fish","turquoise2"
"Hydrophis_brookii","Hydrophis_brookii",0.0673013443369705,-0.226554094614773,0.000816551561683943,0.00149232812867229,"eels","royalblue2"
"Hydrophis_curtus","Hydrophis_curtus",0.0807740652345688,-0.0799179162011407,0.000816551561683943,0.00149232812867229,"fish","turquoise2"
"Hydrophis_elegans","Hydrophis_elegans",0.113375575645117,-0.264700261828738,0.00204137890420986,0.00373082032168073,"eels","royalblue2"
"Hydrophis_belcheri","Hydrophis_belcheri",0.055610681597924,-0.493711835387061,0.00408275780841972,0.00746164064336146,"eels","royalblue2"
"Hydrophis_melanocephalus","Hydrophis_melanocephalus",0.0477844771773592,-0.448240151400133,0.00204137890420986,0.00373082032168073,"eels","royalblue2"
"Hydrophis_coggeri","Hydrophis_coggeri",0.0543373539398413,-0.33221285664779,0.00204137890420986,0.00373082032168073,"eels","royalblue2"
"Hydrophis_cyanocinctus","Hydrophis_cyanocinctus",0.060564382303381,-0.51249178998877,0.00102068945210493,0.00186541016084037,"eels","royalblue2"
"Hydrophis_torquatus","Hydrophis_torquatus",0.128073006618102,-0.329847640917643,0.00408275780841972,0.00746164064336146,"fish","turquoise2"
"Hydrophis_caerulescens","Hydrophis_caerulescens",-0.0975632233667258,0.0306632884868785,0.000816551561683943,0.00149232812867229,"fish","turquoise2"
"Hydrophis_jerdonii","Hydrophis_jerdonii",0.0153846944234888,-0.291551714907594,0.00136091926947324,0.00248721354778715,"eels","royalblue2"
"Hydrophis_lapemoides","Hydrophis_lapemoides",-0.0371402540619155,-0.239112059110502,0.000816551561683943,0.00149232812867229,"eels","royalblue2"
"Hydrophis_viperinus","Hydrophis_viperinus",0.0327684717437293,0.144833007862307,0.000816551561683943,0.00149232812867229,"fish","turquoise2"
"Hydrophis_spiralis","Hydrophis_spiralis",0.149226441429826,-0.290480435370019,0.00102068945210493,0.00186541016084037,"eels","royalblue2"
"Microcephalophis_gracilis","Microcephalophis_gracilis",0.0801229467965205,-0.378308738926309,0.00136091926947324,0.00248721354778715,"eels","royalblue2"
"Hydrelaps_darwiniensis","Hydrelaps_darwiniensis",-0.206385200659671,0.0107082447360927,0.00136091926947324,0.00248721354778715,"fish","turquoise2"
"Ephalophis_greyae","Ephalophis_greyae",-0.119765090471463,-0.293385226218471,0.00102068945210493,0.00186541016084037,"fish","turquoise2"
"Aipysurus_foliosquama","Aipysurus_foliosquama",-0.0788942121105136,0.217754732901172,0.00136091926947324,0.00248721354778715,"fish","turquoise2"
"Aipysurus_apraefrontalis","Aipysurus_apraefrontalis",0.0844542017299452,-0.168260739249608,0.00204137890420986,0.00373082032168073,"eels","royalblue2"
"Aipysurus_duboisii","Aipysurus_duboisii",-0.0727040880862726,-0.101042496943319,0.00204137890420986,0.00373082032168073,"fish","turquoise2"
"Aipysurus_fuscus","Aipysurus_fuscus",-0.00583837215593919,-0.0708174182427135,0.00136091926947324,0.00248721354778715,"fish","turquoise2"
"Aipysurus_laevis","Aipysurus_laevis",-0.0445512330153868,0.0382878028396476,0.00204137890420986,0.00373082032168073,"fish","turquoise2"
"Hemiaspis_signata","Hemiaspis_signata",0.0499137304943524,-0.282387763143384,0.00408275780841972,0.00746164064336146,"other verts","gray50"
"Austrelaps_labialis","Austrelaps_labialis",0.0264807681626458,-0.200386043818846,0.00408275780841972,0.00746164064336146,"lizards","forestgreen"
"Austrelaps_superbus","Austrelaps_superbus",0.200390066028046,-0.33073948012978,0.00408275780841972,0.00746164064336146,"lizards","forestgreen"
"Notechis_scutatus","Notechis_scutatus",-0.0597909093240876,-0.127509044716204,0.00204137890420986,0.00373082032168073,"other verts","gray50"
"Echiopsis_curta","Echiopsis_curta",-0.120034738939271,-0.0296395880040188,0.00408275780841972,0.00746164064336146,"other verts","gray50"
"Suta_gouldii","Suta_gouldii",0.155787367006864,-0.405335491482132,0.00408275780841972,0.00746164064336146,"lizards","forestgreen"
"Suta_suta","Suta_suta",0.168155375121658,-0.450107435993941,0.00408275780841972,0.00746164064336146,"lizards","forestgreen"
"Cryptophis_pallidiceps","Cryptophis_pallidiceps",0.223247339073462,-0.304685888456135,0.00408275780841972,0.00746164064336146,"lizards","forestgreen"
"Denisonia_maculata","Denisonia_maculata",0.0183971266898804,-0.123673258880906,0.00408275780841972,0.00746164064336146,"other verts","gray50"
"Pseudechis_porphyriacus","Pseudechis_porphyriacus",0.0748727571187646,-0.455964670819953,0.00408275780841972,0.00746164064336146,"other verts","gray50"
"Acanthophis_antarcticus","Acanthophis_antarcticus",-0.245696391945544,0.155267567277243,0.00408275780841972,0.00746164064336146,"other verts","gray50"
"Pseudonaja_nuchalis","Pseudonaja_nuchalis",0.0289565867689827,-0.167759845624733,0.00408275780841972,0.00746164064336146,"other verts","gray50"
"Brachyurophis_semifasciatus","Brachyurophis_semifasciatus",-0.0759442478321166,-0.144301603905652,0.00408275780841972,0.00746164064336146,"other verts","gray50"
"Narophis_bimaculatus","Narophis_bimaculatus",0.137672737883907,-0.345918685846193,0.00408275780841972,0.00746164064336146,"lizards","forestgreen"
"Vermicella_annulata","Vermicella_annulata",0.251358736615066,-0.571464282983185,0.00408275780841972,0.00746164064336146,"snakes","mediumpurple2"
"Simoselaps_bertholdi","Simoselaps_bertholdi",-0.0516016594691849,-0.235616454100507,0.00204137890420986,0.00373082032168073,"lizards","forestgreen"
"Demansia_calodera","Demansia_calodera",0.048773795575437,-0.246836143830577,0.00408275780841972,0.00746164064336146,"lizards","forestgreen"
"Aspidomorphus_muelleri","Aspidomorphus_muelleri",0.167147119879461,-0.17264881111326,0.00204137890420986,0.00373082032168073,"lizards","forestgreen"
"Furina_diadema","Furina_diadema",0.149451615918384,-0.209356557391709,0.00408275780841972,0.00746164064336146,"lizards","forestgreen"
"Cacophis_krefftii","Cacophis_krefftii",0.228300210808845,-0.170842119495321,0.00408275780841972,0.00746164064336146,"lizards","forestgreen"
"Toxicocalamus_loriae","Toxicocalamus_loriae",0.309136296425155,-0.395621736155626,0.00408275780841972,0.00746164064336146,"worms","lightpink2"
"Micropechis_ikaheca","Micropechis_ikaheca",0.256718731680853,-0.540809608333995,0.00408275780841972,0.00746164064336146,"lizards","forestgreen"
"Laticauda_colubrina","Laticauda_colubrina",0.0759521640241516,-0.208750024081555,0.00136091926947324,0.00248721354778715,"eels","royalblue2"
"Bungarus_fasciatus","Bungarus_fasciatus",0.272427949981463,-0.323594648768617,0.00136091926947324,0.00248721354778715,"snakes","mediumpurple2"
"Elapsoidea_semiannulata","Elapsoidea_semiannulata",0.145155297501657,-0.20957196952863,0.00408275780841972,0.00746164064336146,"other verts","gray50"
"Naja_naja","Naja_naja",-0.0856211062093659,-0.081189586053781,0.00408275780841972,0.00746164064336146,"other verts","gray50"
"Naja_atra","Naja_atra",-0.0579193708333516,-0.0654073833847275,0.00408275780841972,0.00746164064336146,"other verts","gray50"
"Naja_nigricollis","Naja_nigricollis",0.0456690227358072,-0.0311476786197398,0.00408275780841972,0.00746164064336146,"other verts","gray50"
"Naja_nubiae","Naja_nubiae",0.0643017144159863,-0.0645443132666206,0.00408275780841972,0.00746164064336146,"other verts","gray50"
"Hemachatus_haemachatus","Hemachatus_haemachatus",0.0396639306484698,-0.615876796453491,0.00408275780841972,0.00746164064336146,"other verts","gray50"
"Aspidelaps_lubricus","Aspidelaps_lubricus",0.226992998399419,-0.169329990597919,0.00204137890420986,0.00373082032168073,"other verts","gray50"
"Walterinnesia_aegyptia","Walterinnesia_aegyptia",0.275848157061799,-0.218391797612087,0.00408275780841972,0.00746164064336146,"other verts","gray50"
"Dendroaspis_jamesoni","Dendroaspis_jamesoni",-0.32949023356254,-0.240635266849401,0.00408275780841972,0.00746164064336146,"other verts","gray50"
"Dendroaspis_angusticeps","Dendroaspis_angusticeps",-0.35313624400373,-0.310589648202091,0.00408275780841972,0.00746164064336146,"other verts","gray50"
"Hemibungarus_calligaster","Hemibungarus_calligaster",0.391407566871504,-0.618763175619552,0.00408275780841972,0.00746164064336146,"snakes","mediumpurple2"
"Ophiophagus_hannah","Ophiophagus_hannah",0.128869594498001,-0.401174601981415,0.00408275780841972,0.00746164064336146,"snakes","mediumpurple2"
"Micrurus_frontalis","Micrurus_frontalis",0.262603204628509,-0.612451206428031,0.00408275780841972,0.00746164064336146,"snakes","mediumpurple2"
"Micrurus_spixii","Micrurus_spixii",0.164448095242881,-0.692423737256983,0.00408275780841972,0.00746164064336146,"snakes","mediumpurple2"
"Micrurus_obscurus","Micrurus_obscurus",0.355312436642027,-0.556591141388103,0.00204137890420986,0.00373082032168073,"snakes","mediumpurple2"
"Micrurus_mipartitus","Micrurus_mipartitus",0.376470300795302,-1.02138383375604,0.00408275780841972,0.00746164064336146,"snakes","mediumpurple2"
"Micrurus_narduccii","Micrurus_narduccii",0.38512308678301,-0.580208874960801,0.00408275780841972,0.00746164064336146,"snakes","mediumpurple2"
"Micrurus_nigrocinctus","Micrurus_nigrocinctus",0.361196571858698,-0.666014985740298,0.00136091926947324,0.00248721354778715,"snakes","mediumpurple2"
"Micrurus_tener","Micrurus_tener",0.349949337232119,-0.682814848383136,0.00408275780841972,0.00746164064336146,"snakes","mediumpurple2"
"Micrurus_fulvius","Micrurus_fulvius",0.348432374318885,-0.458691592191526,0.00204137890420986,0.00373082032168073,"snakes","mediumpurple2"
"Micruroides_euryxanthus","Micruroides_euryxanthus",0.256219933664841,-0.535994757969706,0.00204137890420986,0.00373082032168073,"snakes","mediumpurple2"
"Buhoma_vauerocegae","Buhoma_vauerocegae",-0.196042008353769,-0.26945078897445,0.00408275780841972,0.00746164064336146,"other verts","gray50"
"Micrelaps_muelleri","Micrelaps_muelleri",0.3491140036741,-0.61538263907409,0.00204137890420986,0.00373082032168073,"snakes","mediumpurple2"
"Psammophis_rukwae","Psammophis_rukwae",-0.108412463169167,-0.191770537558004,0.00408275780841972,0.00746164064336146,"other verts","gray50"
"Psammophis_sibilans","Psammophis_sibilans",-0.0732424832865033,-0.0955196199748094,0.00408275780841972,0.00746164064336146,"other verts","gray50"
"Psammophylax_variabilis","Psammophylax_variabilis",0.0132603977887991,-0.0527501295312647,0.00408275780841972,0.00746164064336146,"other verts","gray50"
"Psammophylax_rhombeatus","Psammophylax_rhombeatus",-0.197859195215036,-0.2110880188512,0.00408275780841972,0.00746164064336146,"other verts","gray50"
"Kladirostratus_acutus","Kladirostratus_acutus",-0.0901516556841728,-0.0973399907978041,0.00408275780841972,0.00746164064336146,"other verts","gray50"
"Hemirhagerrhis_kelleri","Hemirhagerrhis_kelleri",-0.159925133945828,-0.059123331740639,0.00408275780841972,0.00746164064336146,"lizards","forestgreen"
"Mimophis_mahfalensis","Mimophis_mahfalensis",-0.0679385752596076,-0.251202880411997,0.00408275780841972,0.00746164064336146,"lizards","forestgreen"
"Rhamphiophis_rostratus","Rhamphiophis_rostratus",-0.0863142539122668,-0.180999984557083,0.00408275780841972,0.00746164064336146,"other verts","gray50"
"Malpolon_monspessulanus","Malpolon_monspessulanus",-0.128527251274935,0.0363943249285983,0.00408275780841972,0.00746164064336146,"lizards","forestgreen"
"Psammodynastes_pulverulentus","Psammodynastes_pulverulentus",-0.0407183855609021,-0.0596324082841744,0.00204137890420986,0.00373082032168073,"lizards","forestgreen"
"Xenocalamus_bicolor","Xenocalamus_bicolor",0.0774011250120534,-0.728111627991617,0.00408275780841972,0.00746164064336146,"snakes","mediumpurple2"
"Amblyodipsas_dimidiata","Amblyodipsas_dimidiata",-0.0619357386648978,-0.772370476467686,0.00408275780841972,0.00746164064336146,"snakes","mediumpurple2"
"Amblyodipsas_polylepis","Amblyodipsas_polylepis",0.245166353893344,-0.513483596328781,0.00408275780841972,0.00746164064336146,"snakes","mediumpurple2"
"Macrelaps_microlepidotus","Macrelaps_microlepidotus",0.0155514536209189,-0.287699974739315,0.00408275780841972,0.00746164064336146,"other verts","gray50"
"Polemon_christyi","Polemon_christyi",0.324677076893163,-0.665578878295092,0.00408275780841972,0.00746164064336146,"snakes","mediumpurple2"
"Chilorhinophis_gerardi","Chilorhinophis_gerardi",0.304930747791034,-0.447243122872764,0.00408275780841972,0.00746164064336146,"snakes","mediumpurple2"
"Aparallactus_capensis","Aparallactus_capensis",-0.108692061133356,-0.373527578137081,0.00204137890420986,0.00373082032168073,"bugs","goldenrod2"
"Aparallactus_werneri","Aparallactus_werneri",-0.161125128124299,-0.457158560280511,0.00408275780841972,0.00746164064336146,"bugs","goldenrod2"
"Aparallactus_niger","Aparallactus_niger",0.133630416697986,-0.507587975025999,0.00408275780841972,0.00746164064336146,"worms","lightpink2"
"Aparallactus_modestus","Aparallactus_modestus",0.15218005516947,-0.330972784396489,0.00408275780841972,0.00746164064336146,"worms","lightpink2"
"Atractaspis_irregularis","Atractaspis_irregularis",-0.00523574039242303,0.39376776175341,0.00204137890420986,0.00373082032168073,"other verts","gray50"
"Atractaspis_aterrima","Atractaspis_aterrima",-0.085877861301735,0.280015431729555,0.00408275780841972,0.00746164064336146,"other verts","gray50"
"Atractaspis_bibronii","Atractaspis_bibronii",0.0119238964469484,0.564289599170948,0.00136091926947324,0.00248721354778715,"other verts","gray50"
"Atractaspis_boulengeri","Atractaspis_boulengeri",-0.0668996483676016,0.154081933232714,0.00204137890420986,0.00373082032168073,"other verts","gray50"
"Homoroselaps_lacteus","Homoroselaps_lacteus",0.323792676810676,-0.672209609089696,0.00204137890420986,0.00373082032168073,"snakes","mediumpurple2"
"Boaedon_fuliginosus","Boaedon_fuliginosus",-0.112926003937037,-0.390492727599163,0.00204137890420986,0.00373082032168073,"other verts","gray50"
"Boaedon_upembae","Boaedon_upembae",-0.0932715468174126,-0.0804046090952166,0.00408275780841972,0.00746164064336146,"other verts","gray50"
"Lycodonomorphus_rufulus","Lycodonomorphus_rufulus",-0.151677955809413,-0.22011616477541,0.00408275780841972,0.00746164064336146,"other verts","gray50"
"Lamprophis_aurora","Lamprophis_aurora",0.0714380125152136,-0.202398378771471,0.00408275780841972,0.00746164064336146,"other verts","gray50"
"Bothrophthalmus_lineatus","Bothrophthalmus_lineatus",-0.0713671057143026,-0.288031183749959,0.00408275780841972,0.00746164064336146,"other verts","gray50"
"Pseudoboodon_gascae","Pseudoboodon_gascae",0.0629909728459803,-0.249235375288228,0.00408275780841972,0.00746164064336146,"other verts","gray50"
"Limaformosa_capensis","Limaformosa_capensis",0.106573624685966,-0.198791284673153,0.00408275780841972,0.00746164064336146,"lizards","forestgreen"
"Gonionotophis_brussauxi","Gonionotophis_brussauxi",-0.0326439112626311,-0.112427789247754,0.00408275780841972,0.00746164064336146,"lizards","forestgreen"
"Hormonotus_modestus","Hormonotus_modestus",-0.128491388931798,-0.288872298494567,0.00408275780841972,0.00746164064336146,"lizards","forestgreen"
"Lycophidion_capense","Lycophidion_capense",0.053683246626882,-0.181105425841706,0.00408275780841972,0.00746164064336146,"lizards","forestgreen"
"Prosymna_sundevalli","Prosymna_sundevalli",-0.124214395060889,0.370073820452651,0.00408275780841972,0.00746164064336146,"other verts","gray50"
"Prosymna_bivittata","Prosymna_bivittata",-0.121078105087852,0.458413377410365,0.00408275780841972,0.00746164064336146,"other verts","gray50"
"Prosymna_visseri","Prosymna_visseri",-0.318200387544451,-0.409980351104185,0.00408275780841972,0.00746164064336146,"other verts","gray50"
"Prosymna_ambigua","Prosymna_ambigua",-0.221378700640633,0.0628780677403052,0.00408275780841972,0.00746164064336146,"other verts","gray50"
"Prosymna_ruspolii","Prosymna_ruspolii",-0.203651435037643,0.0314453579852628,0.00408275780841972,0.00746164064336146,"other verts","gray50"
"Liopholidophis_grandidieri","Liopholidophis_grandidieri",-0.163679717650275,-0.0701670115477515,0.00408275780841972,0.00746164064336146,"other verts","gray50"
"Pseudoxyrhopus_microps","Pseudoxyrhopus_microps",-0.129301223757772,-0.0868630344062453,0.00408275780841972,0.00746164064336146,"other verts","gray50"
"Heteroliodon_occipitalis","Heteroliodon_occipitalis",0.058553849903261,-0.27149380828501,0.00408275780841972,0.00746164064336146,"lizards","forestgreen"
"Liophidium_torquatum","Liophidium_torquatum",-0.245005873457385,-0.0015850253760572,0.00408275780841972,0.00746164064336146,"lizards","forestgreen"
"Liophidium_rhodogaster","Liophidium_rhodogaster",-0.231542398649135,0.070026079595956,0.00408275780841972,0.00746164064336146,"lizards","forestgreen"
"Thamnosophis_stumpffi","Thamnosophis_stumpffi",-0.0687791494739314,-0.0612678697841871,0.00408275780841972,0.00746164064336146,"other verts","gray50"
"Dromicodryas_quadrilineatus","Dromicodryas_quadrilineatus",-0.0688928629741512,-0.0352784548837621,0.00408275780841972,0.00746164064336146,"other verts","gray50"
"Dromicodryas_bernieri","Dromicodryas_bernieri",-0.114863116107968,-0.00987533361547976,0.00408275780841972,0.00746164064336146,"lizards","forestgreen"
"Compsophis_albiventris","Compsophis_albiventris",-0.0120160440395201,0.0482832071309138,0.00408275780841972,0.00746164064336146,"other verts","gray50"
"Alluaudina_bellyi","Alluaudina_bellyi",-0.134592927482791,-0.0868413956727632,0.00408275780841972,0.00746164064336146,"other verts","gray50"
"Lycodryas_pseudogranuliceps","Lycodryas_pseudogranuliceps",0.0328820943225983,-0.299649627888664,0.00408275780841972,0.00746164064336146,"lizards","forestgreen"
"Lycodryas_granuliceps","Lycodryas_granuliceps",0.0852977324668009,-0.11835791706807,0.00408275780841972,0.00746164064336146,"lizards","forestgreen"
"Lycodryas_inornatus","Lycodryas_inornatus",-0.106572274560542,-0.282063312263748,0.00408275780841972,0.00746164064336146,"other verts","gray50"
"Phisalixella_arctifasciata","Phisalixella_arctifasciata",-0.152020310207575,-0.173868753172421,0.00408275780841972,0.00746164064336146,"lizards","forestgreen"
"Madagascarophis_colubrinus","Madagascarophis_colubrinus",0.0157775985212472,-0.103646509273501,0.00408275780841972,0.00746164064336146,"other verts","gray50"
"Ithycyphus_oursi","Ithycyphus_oursi",-0.0878761732485884,-0.186296929218698,0.00408275780841972,0.00746164064336146,"lizards","forestgreen"
"Micropisthodon_ochraceus","Micropisthodon_ochraceus",-0.21377194164453,0.270732126406799,0.00408275780841972,0.00746164064336146,"mollusks","saddlebrown"
"Langaha_madagascariensis","Langaha_madagascariensis",-0.0833659683038948,-0.293009016593722,0.00204137890420986,0.00373082032168073,"lizards","forestgreen"
"Leioheterodon_modestus","Leioheterodon_modestus",0.0499787853461444,0.389808118474006,0.00408275780841972,0.00746164064336146,"other verts","gray50"
"Leioheterodon_madagascariensis","Leioheterodon_madagascariensis",-0.0146822813166496,-0.0134857866214806,0.00408275780841972,0.00746164064336146,"other verts","gray50"
"Leioheterodon_geayi","Leioheterodon_geayi",-0.0852221668467235,0.175573824760562,0.00408275780841972,0.00746164064336146,"lizards","forestgreen"
"Duberria_lutrix","Duberria_lutrix",-0.265748478142841,0.131934096939325,0.00408275780841972,0.00746164064336146,"mollusks","saddlebrown"
"Amplorhinus_multimaculatus","Amplorhinus_multimaculatus",-0.0701208531736102,-0.0992826552050259,0.00408275780841972,0.00746164064336146,"other verts","gray50"
"Pseudaspis_cana","Pseudaspis_cana",0.0194484247230791,0.0355862781653031,0.00102068945210493,0.00186541016084037,"other verts","gray50"
"Pythonodipsas_carinata","Pythonodipsas_carinata",0.146390792828495,0.0240911155356356,0.00408275780841972,0.00746164064336146,"other verts","gray50"
"Oxyrhabdium_leporinum","Oxyrhabdium_leporinum",0.171558437774176,-0.350823475561825,0.00408275780841972,0.00746164064336146,"worms","lightpink2"
"Myersophis_alpestris","Myersophis_alpestris",0.104864917682353,-0.428241612010564,0.00408275780841972,0.00746164064336146,"worms","lightpink2"
"Cyclocorus_lineatus","Cyclocorus_lineatus",0.225449197986227,0.129339068437303,0.00408275780841972,0.00746164064336146,"lizards","forestgreen"
"Hologerrhum_philippinum","Hologerrhum_philippinum",-0.172737776299057,-0.0581138444460761,0.00408275780841972,0.00746164064336146,"lizards","forestgreen"
"Homalopsis_buccata","Homalopsis_buccata",0.0899208808222975,0.187309115019185,0.00136091926947324,0.00248721354778715,"fish","turquoise2"
"Cerberus_rynchops","Cerberus_rynchops",0.070654432504544,0.120265101176135,0.00408275780841972,0.00746164064336146,"fish","turquoise2"
"Erpeton_tentaculatum","Erpeton_tentaculatum",-0.331679646567231,0.154129489240536,0.00408275780841972,0.00746164064336146,"fish","turquoise2"
"Gerarda_prevostiana","Gerarda_prevostiana",-0.292634888261794,-0.152836762858318,0.00408275780841972,0.00746164064336146,"crusts","tomato2"
"Fordonia_leucobalia","Fordonia_leucobalia",-0.0121037522573804,0.183557257509051,0.00408275780841972,0.00746164064336146,"crusts","tomato2"
"Cantoria_violacea","Cantoria_violacea",-0.0824494492493011,-0.175467584718035,0.00408275780841972,0.00746164064336146,"crusts","tomato2"
"Bitia_hydroides","Bitia_hydroides",0.0669121343440233,-0.277982714488964,0.00204137890420986,0.00373082032168073,"fish","turquoise2"
"Enhydris_enhydris","Enhydris_enhydris",-0.108810180737904,0.337138498932898,0.00408275780841972,0.00746164064336146,"fish","turquoise2"
"Enhydris_plumbea","Enhydris_plumbea",0.0244868612256006,0.0443153904983518,0.00204137890420986,0.00373082032168073,"other verts","gray50"
"Brachyorrhos_albus","Brachyorrhos_albus",0.103101967728019,-0.134221220028172,0.00408275780841972,0.00746164064336146,"worms","lightpink2"
"Bothrops_atrox","Bothrops_atrox",-0.073628344020447,0.143723422452201,0.00408275780841972,0.00746164064336146,"other verts","gray50"
"Bothrops_bilineatus","Bothrops_bilineatus",-0.0204781909544101,0.409548784758238,0.00408275780841972,0.00746164064336146,"other verts","gray50"
"Bothrops_ammodytoides","Bothrops_ammodytoides",-0.00300627984386193,0.309736434031834,0.00408275780841972,0.00746164064336146,"other verts","gray50"
"Bothrocophias_hyoprora","Bothrocophias_hyoprora",0.181448740176311,0.302073073249433,0.00408275780841972,0.00746164064336146,"other verts","gray50"
"Bothrocophias_microphthalmus","Bothrocophias_microphthalmus",0.08777677168603,0.233157583020259,0.00408275780841972,0.00746164064336146,"other verts","gray50"
"Porthidium_nasutum","Porthidium_nasutum",-0.120943135560381,0.335606243000812,0.00408275780841972,0.00746164064336146,"other verts","gray50"
"Cerrophidion_godmani","Cerrophidion_godmani",0.0885963366933775,0.1312125227587,0.00408275780841972,0.00746164064336146,"other verts","gray50"
"Metlapilcoatlus_mexicanus","Metlapilcoatlus_mexicanus",0.132082863580893,0.149965212630554,0.00408275780841972,0.00746164064336146,"other verts","gray50"
"Bothriechis_nigroviridis","Bothriechis_nigroviridis",0.184048282552991,0.241652379964884,0.00408275780841972,0.00746164064336146,"other verts","gray50"
"Lachesis_muta","Lachesis_muta",0.0887930555229617,-0.132879746768829,0.00408275780841972,0.00746164064336146,"other verts","gray50"
"Lachesis_stenophrys","Lachesis_stenophrys",0.105091656569269,-0.112254323390828,0.00408275780841972,0.00746164064336146,"other verts","gray50"
"Crotalus_durissus","Crotalus_durissus",-0.0346807616419724,0.258933504891214,0.00408275780841972,0.00746164064336146,"other verts","gray50"
"Crotalus_molossus","Crotalus_molossus",-0.0421156598683514,0.38387777164052,0.00408275780841972,0.00746164064336146,"other verts","gray50"
"Crotalus_horridus","Crotalus_horridus",-0.12409591317742,0.211941158769135,0.00204137890420986,0.00373082032168073,"other verts","gray50"
"Crotalus_viridis","Crotalus_viridis",-0.0525744179029979,0.574737080698753,0.00408275780841972,0.00746164064336146,"other verts","gray50"
"Crotalus_adamanteus","Crotalus_adamanteus",-0.130052573511528,0.347257250766319,0.00408275780841972,0.00746164064336146,"other verts","gray50"
"Crotalus_atrox","Crotalus_atrox",-0.00220971325642871,0.421803223052968,0.00408275780841972,0.00746164064336146,"other verts","gray50"
"Crotalus_catalinensis","Crotalus_catalinensis",-0.0815643559050567,0.200039990335871,0.00408275780841972,0.00746164064336146,"other verts","gray50"
"Crotalus_transversus","Crotalus_transversus",0.0138710353589035,0.14711720085511,0.00408275780841972,0.00746164064336146,"other verts","gray50"
"Crotalus_intermedius","Crotalus_intermedius",0.129044693990315,0.11630029338692,0.00408275780841972,0.00746164064336146,"lizards","forestgreen"
"Crotalus_pricei","Crotalus_pricei",0.109993611730423,0.15274507329944,0.00408275780841972,0.00746164064336146,"other verts","gray50"
"Crotalus_triseriatus","Crotalus_triseriatus",-0.0478741673946639,0.253896171676246,0.00408275780841972,0.00746164064336146,"other verts","gray50"
"Crotalus_ravus","Crotalus_ravus",-0.0476088341284426,0.209568096223121,0.00408275780841972,0.00746164064336146,"other verts","gray50"
"Crotalus_enyo","Crotalus_enyo",-0.0427021162727099,0.386233777451489,0.00408275780841972,0.00746164064336146,"other verts","gray50"
"Sistrurus_miliarius","Sistrurus_miliarius",-0.0652500637413909,0.208370183338721,0.00408275780841972,0.00746164064336146,"other verts","gray50"
"Agkistrodon_contortrix","Agkistrodon_contortrix",0.00881086473246029,0.193889243757763,0.00136091926947324,0.00248721354778715,"other verts","gray50"
"Mixcoatlus_browni","Mixcoatlus_browni",0.0439530440675087,0.0715828373984628,0.00408275780841972,0.00746164064336146,"other verts","gray50"
"Gloydius_ussuriensis","Gloydius_ussuriensis",-0.0480595086688509,0.139181797190129,0.00408275780841972,0.00746164064336146,"other verts","gray50"
"Gloydius_brevicauda","Gloydius_brevicauda",0.0582341159342099,0.0257975773337078,0.00408275780841972,0.00746164064336146,"other verts","gray50"
"Protobothrops_flavoviridis","Protobothrops_flavoviridis",0.0286770824240214,0.0766503322336933,0.00408275780841972,0.00746164064336146,"other verts","gray50"
"Protobothrops_sieversorum","Protobothrops_sieversorum",0.107108300115861,0.146043887559979,0.00408275780841972,0.00746164064336146,"other verts","gray50"
"Ovophis_monticola","Ovophis_monticola",0.282743048686759,0.364175639722497,0.00204137890420986,0.00373082032168073,"other verts","gray50"
"Trimeresurus_albolabris","Trimeresurus_albolabris",0.130304445273497,0.282062875418516,0.00408275780841972,0.00746164064336146,"other verts","gray50"
"Trimeresurus_macrops","Trimeresurus_macrops",0.147204187410026,0.325249766069463,0.00408275780841972,0.00746164064336146,"other verts","gray50"
"Hypnale_hypnale","Hypnale_hypnale",-0.0349768694823949,0.239946666320448,0.00408275780841972,0.00746164064336146,"other verts","gray50"
"Calloselasma_rhodostoma","Calloselasma_rhodostoma",0.116462448967273,0.178189079247153,0.00204137890420986,0.00373082032168073,"other verts","gray50"
"Tropidolaemus_wagleri","Tropidolaemus_wagleri",0.264675042495961,0.651752239904135,0.00408275780841972,0.00746164064336146,"other verts","gray50"
"Deinagkistrodon_acutus","Deinagkistrodon_acutus",0.0338322555720314,0.337115852285356,0.00408275780841972,0.00746164064336146,"other verts","gray50"
"Azemiops_feae","Azemiops_feae",-0.0212848516376072,-0.108435249095625,0.00408275780841972,0.00746164064336146,"other verts","gray50"
"Vipera_aspis","Vipera_aspis",-0.0250679598652532,0.200617727375187,0.00408275780841972,0.00746164064336146,"other verts","gray50"
"Daboia_russelii","Daboia_russelii",-0.0816553878570079,0.196340646737719,0.00408275780841972,0.00746164064336146,"other verts","gray50"
"Eristicophis_macmahoni","Eristicophis_macmahoni",0.0974011513995769,0.346030327169388,0.00408275780841972,0.00746164064336146,"other verts","gray50"
"Echis_carinatus","Echis_carinatus",-0.106579404858622,0.399046864876949,0.00408275780841972,0.00746164064336146,"other verts","gray50"
"Cerastes_cerastes","Cerastes_cerastes",0.011376178492611,0.5492408847496,0.00408275780841972,0.00746164064336146,"other verts","gray50"
"Cerastes_vipera","Cerastes_vipera",-0.00752244595964169,0.620177567416728,0.00408275780841972,0.00746164064336146,"lizards","forestgreen"
"Bitis_arietans","Bitis_arietans",0.0683609918586385,0.60227409639863,0.00204137890420986,0.00373082032168073,"other verts","gray50"
"Atheris_chlorechis","Atheris_chlorechis",0.0644985475392725,0.53988688750063,0.00408275780841972,0.00746164064336146,"other verts","gray50"
"Atheris_ceratophora","Atheris_ceratophora",0.0191542190212823,0.821886565715875,0.00408275780841972,0.00746164064336146,"other verts","gray50"
"Causus_rhombeatus","Causus_rhombeatus",0.176309746291259,0.634544641922931,0.00408275780841972,0.00746164064336146,"other verts","gray50"
"Pareas_formosensis","Pareas_formosensis",-0.368044224105906,0.206772923432906,0.00408275780841972,0.00746164064336146,"mollusks","saddlebrown"
"Pareas_hamptoni","Pareas_hamptoni",-0.36314535244933,0.22087514744284,0.00408275780841972,0.00746164064336146,"mollusks","saddlebrown"
"Aplopeltura_boa","Aplopeltura_boa",-0.520850174240926,0.237288410729912,0.00408275780841972,0.00746164064336146,"mollusks","saddlebrown"
"Achalinus_spinalis","Achalinus_spinalis",0.249851338947334,-0.352301431120821,0.00408275780841972,0.00746164064336146,"worms","lightpink2"
"Fimbrios_klossi","Fimbrios_klossi",0.123194163982976,-0.0585941826504115,0.00408275780841972,0.00746164064336146,"other verts","gray50"
"Xenodermus_javanicus","Xenodermus_javanicus",0.255849207353049,-0.0221667192017883,0.00408275780841972,0.00746164064336146,"other verts","gray50"
